id,text,timestamp,label
it_00001,Ugh. Login page refreshes endlessly on my iPad Please help!,2026-09-01T02:51:59+00:00,login_loop
it_00002,"Ugh. Can't stay signed in, it asks me to log in again constantly",2026-09-01T03:52:19+00:00,login_loop
it_00003,"Order was supposed to arrive at noon, came two hours late",2026-09-01T04:49:39+00:00,late_delivery
it_00004,sign in works then immediately kicks me back to the login screen fix this please.,2026-09-01T05:13:02+00:00,login_loop
it_00005,"Hello, Stuck in a login loop after updating to the latest update Any update?",2026-09-01T06:06:18+00:00,login_loop
it_00006,"Can't stya signed in, it asks me to log in again constantly",2026-09-01T06:11:10+00:00,login_loop
it_00007,"Can't stay signed in, it asks me to log in again constantly Please help!",2026-09-01T06:11:28+00:00,login_loop
it_00008,the app keeps logging me out every few minutes on my pixel 8,2026-09-01T06:40:06+00:00,login_loop
it_00009,Ugh. Payment went through twice and I only placed one order,2026-09-01T06:52:11+00:00,double_charge
it_00010,sign in works then immediately kicks me back to the login screen any update?,2026-09-01T07:04:48+00:00,login_loop
it_00011,Ugh. Why does every order from GreenLeaf show up 45 minutes late? This is the second time.,2026-09-01T07:07:32+00:00,late_delivery
it_00012,"Hello, I enter my password and it sends me right back to the sign in screen",2026-09-01T07:18:40+00:00,login_loop
it_00013,sign in works then immediately kicks me back to the login screne,2026-09-01T07:28:04+00:00,login_loop
it_00014,Login page refreshes endlessly on my Pixel 8,2026-09-01T07:29:37+00:00,login_loop
it_00015,"Hello, Stuck in a login loop after updating to iOS 18",2026-09-01T07:36:31+00:00,login_loop
it_00016,"Hello, Login page refreshes endlessly on my iPad Please help!",2026-09-01T07:43:08+00:00,login_loop
it_00017,"hey team, driver was an hour late and the food was cold",2026-09-01T07:43:31+00:00,late_delivery
it_00018,URGENT: I enter my password and it sends me right back to the sign in screen Please help!,2026-09-01T07:44:02+00:00,login_loop
it_00019,"Hi, Where can I find my receipts? Any update?",2026-09-01T07:47:19+00:00,noise
it_00020,why are there duplicate charges no my statement for $24.50?,2026-09-01T07:47:27+00:00,double_charge
it_00021,"hi, my bank shows two identcial payments of $9.99 from you very frustrating.",2026-09-01T08:02:44+00:00,double_charge
it_00022,"Hey team, Sign in works then immediately kicks me back to the login screen Please help!",2026-09-01T08:16:38+00:00,login_loop
it_00023,I was charged twice for my annual subscription this motnh,2026-09-01T08:19:39+00:00,double_charge
it_00024,"Hi, My bank shows two identical payments of $24.50 from you",2026-09-01T08:36:46+00:00,double_charge
it_00025,You billed me two times for the same monthly renewal Very frustrating.,2026-09-01T08:37:26+00:00,double_charge
it_00026,"Hi, Got charged $9.99 twice today for a single order Thanks.",2026-09-01T08:42:07+00:00,double_charge
it_00027,"Hello, Every time I open the app I'm signed out again This is the second time.",2026-09-01T09:05:06+00:00,login_loop
it_00028,help! i enter my password and it sends me right back to the sign in screen any update?,2026-09-01T09:06:48+00:00,login_loop
it_00029,"Hello, I was charged twice for my annual subscription this month This is the second time.",2026-09-01T09:18:46+00:00,double_charge
it_00030,"hello, got charged $31.20 twice today for a single order",2026-09-01T09:27:11+00:00,double_charge
it_00031,"Hey team, Why are there duplicate charges on my statement for $31.20?",2026-09-01T09:31:09+00:00,double_charge
it_00032,sign in works then immediately kicks me back to the login screen fix this please.,2026-09-01T09:33:00+00:00,login_loop
it_00033,"Hi, I was charged twice for my Plus subscription this month",2026-09-01T09:34:14+00:00,double_charge
it_00034,"charged twice for the monthly paln, need one charge reversed please help!",2026-09-01T09:37:06+00:00,double_charge
it_00035,"URGENT: Charged twice for the Premium plan, need one charge reversed Thanks.",2026-09-01T09:38:48+00:00,double_charge
it_00036,URGENT: Why are there duplicate charges on my statement for $49?,2026-09-01T09:43:26+00:00,double_charge
it_00037,Sgin in works then immediately kicks me back to the login screen Fix this please.,2026-09-01T09:45:24+00:00,login_loop
it_00038,"Hey team, Sign in works then immediately kicks me back to the login screen",2026-09-01T09:45:27+00:00,login_loop
it_00039,Help! Why are there duplicate charges on my statement for $31.20?,2026-09-01T09:53:34+00:00,double_charge
it_00040,"Double charge on my card for $31.20, please refund one of them Any update?",2026-09-01T09:58:12+00:00,double_charge
it_00041,"Hey team, After Android 15 the app won't keep me logged in",2026-09-01T10:01:48+00:00,login_loop
it_00042,Sign in works then immediately kicks me back to the login screen Very frustrating.,2026-09-01T10:03:51+00:00,login_loop
it_00043,"Hi, The app keeps logging me out every few minutes on my iPad",2026-09-01T10:03:56+00:00,login_loop
it_00044,"double charge on my card for $49, please refund one of them any update?",2026-09-01T10:05:58+00:00,double_charge
it_00045,"Hi, Why are there duplicate charges on my statement for $31.20? Any update?",2026-09-01T10:08:10+00:00,double_charge
it_00046,"Hello, After version 7.2 the app won't keep me logged in Any update?",2026-09-01T10:08:41+00:00,login_loop
it_00047,"hi, the app keeps logging me out every few minutes on my pixel 8 this is the second time.",2026-09-01T10:10:34+00:00,login_loop
it_00048,"ugh. can't stay signed in, it asks me to log in again constantly any update?",2026-09-01T10:18:17+00:00,login_loop
it_00049,Help! You billed me two times for the same annual renewal,2026-09-01T10:18:46+00:00,double_charge
it_00050,"Hey team, Sign in works then immediately kicks me back to the login screen Thanks.",2026-09-01T10:24:06+00:00,login_loop
it_00051,"hello, got charged $24.50 twice today for a single order very frustrating.",2026-09-01T10:27:44+00:00,double_charge
it_00052,"hello, got charged $24.50 twice today for a single order any update?",2026-09-01T10:30:09+00:00,double_charge
it_00053,"Hello, Stuck in a login loop after updating to Android 15 Fix this please.",2026-09-01T10:34:34+00:00,login_loop
it_00054,ugh. why are there duplicate charges on my statement for $9.99?,2026-09-01T10:34:40+00:00,double_charge
it_00055,why are there duplicate charges on my statement for $12.99? very frustrating.,2026-09-01T10:42:44+00:00,double_charge
it_00056,ugh. stuck in a login loop after updating to version 7.2 please help!,2026-09-01T10:49:03+00:00,login_loop
it_00057,urgent: my bank shows two identical payments of $31.20 from you any update?,2026-09-01T10:49:37+00:00,double_charge
it_00058,"Hi, After the latest update the app won't keep me logged in",2026-09-01T11:06:55+00:00,login_loop
it_00059,"Ugh. Can't stay signed in, it asks me to log in again constantly",2026-09-01T11:14:35+00:00,login_loop
it_00060,"Hi, Got charged $24.50 twice today for a single order Very frustrating.",2026-09-01T11:21:33+00:00,double_charge
it_00061,"Hi, My bank shows two identical payments of $31.20 from you",2026-09-01T11:25:33+00:00,double_charge
it_00062,You billed me two times for the same Family renewal,2026-09-01T11:40:22+00:00,double_charge
it_00063,URGENT: Sign in works then immediately kicks me back to the login screen This is the second time.,2026-09-01T11:42:34+00:00,login_loop
it_00064,URGENT: My bank shows two identical payments of $31.20 from you,2026-09-01T11:43:39+00:00,double_charge
it_00065,"Hi, You billed me two times for the same monthly renewal Very frustrating.",2026-09-01T11:44:40+00:00,double_charge
it_00066,my bank shows two identical payments of $24.50 from you thanks.,2026-09-01T11:44:51+00:00,double_charge
it_00067,"hello, the app keeps logging me out every few minutes on my iphone 15 this is the second time.",2026-09-01T11:45:42+00:00,login_loop
it_00068,"Hello, Got charged $49 twice today for a single order Thakns.",2026-09-01T11:52:40+00:00,double_charge
it_00069,My bakn shows two identical payments of $31.20 from you Very frustrating.,2026-09-01T11:56:30+00:00,double_charge
it_00070,"hey team, order was supopsed to arrive at noon, came 40 minutes late any update?",2026-09-01T11:58:40+00:00,late_delivery
it_00071,"Hey team, Charged twice for the Premium plan, need one charge reversed",2026-09-01T11:59:09+00:00,double_charge
it_00072,"Hi, Login page refreshes endlessly on my OnePlus 12",2026-09-01T12:01:02+00:00,login_loop
it_00073,ugh. i was charged twice for my monthly subscription htis month any update?,2026-09-01T12:07:58+00:00,double_charge
it_00074,"Charged twice for the monthly plan, need one charge reversed Any update?",2026-09-01T12:08:01+00:00,double_charge
it_00075,"hey team, can't stay signed in, it asks me to log in again constantly",2026-09-01T12:09:43+00:00,login_loop
it_00076,"Double charge on my card for $9.99, please refund one of them Any update?",2026-09-01T12:14:27+00:00,double_charge
it_00077,"hey team, i was charged twice for my annual subscription this month fix this please.",2026-09-01T12:14:34+00:00,double_charge
it_00078,URGENT: Why aer there duplicate charges on my statement for $49? Thanks.,2026-09-01T12:17:31+00:00,double_charge
it_00079,"Hello, You billed me two times for the same Plus renewal Fix this please.",2026-09-01T12:21:09+00:00,double_charge
it_00080,"Charged twice for the Plus plan, need one charge reversed Very frustrating.",2026-09-01T12:23:01+00:00,double_charge
it_00081,urgent: my bank shows two identical payments of $9.99 from you very frustrating.,2026-09-01T12:23:03+00:00,double_charge
it_00082,URGENT: I was charged twice for my Premium subscription this month This is the second time.,2026-09-01T12:24:17+00:00,double_charge
it_00083,"Help! Can't stay signde in, it asks me to log in again constantly",2026-09-01T12:29:45+00:00,login_loop
it_00084,Login page refreshes endlessly on my Galaxy S23 Thanks.,2026-09-01T12:33:55+00:00,login_loop
it_00085,payment went through twice and i only placed one order thanks.,2026-09-01T12:34:16+00:00,double_charge
it_00086,URGENT: Stuck in a login loop after updating to version 7.2 Please help!,2026-09-01T12:34:26+00:00,login_loop
it_00087,Why are there duplicate charges on my statement for $31.20? This is teh second time.,2026-09-01T12:34:48+00:00,double_charge
it_00088,"Charged twice for the Premium plan, need one charge reversed Please help!",2026-09-01T12:36:19+00:00,double_charge
it_00089,"Hey team, My bank shows two identical payments of $12.99 from you",2026-09-01T12:36:35+00:00,double_charge
it_00090,"urgent: can't stay signed in, it asks me to log in again constantly very frustrating.",2026-09-01T12:38:45+00:00,login_loop
it_00091,after ios 18 the app won't keep me logged in thanks.,2026-09-01T12:43:12+00:00,login_loop
it_00092,URGENT: My bank shows two identical payments of $24.50 from you,2026-09-01T12:43:17+00:00,double_charge
it_00093,why are there duplicate charges on my statement for $9.99? this is the second time.,2026-09-01T12:44:06+00:00,double_charge
it_00094,Sign in works then immediately kicks me back to the login screen This is the second time.,2026-09-01T12:44:07+00:00,login_loop
it_00095,Help! Got charged $31.20 twice today for a single order Fix this please.,2026-09-01T12:44:59+00:00,double_charge
it_00096,"Hi, Why does every order from FreshMart show up 90 minutes late? Fix this lpease.",2026-09-01T12:45:53+00:00,late_delivery
it_00097,"urgent: double charge on my card for $24.50, please refund one of them any update?",2026-09-01T12:52:04+00:00,double_charge
it_00098,Help! Stuck in a login loop after updating to Android 15,2026-09-01T13:01:37+00:00,login_loop
it_00099,you billed me two times for the same annula renewal fix this please.,2026-09-01T13:06:41+00:00,double_charge
it_00100,URGENT: Sign in works then immediately kicks me back to the login screen This is the second time.,2026-09-01T13:14:25+00:00,login_loop
it_00101,URGENT: You billed me two times for the same annual renewal Thanks.,2026-09-01T13:17:15+00:00,double_charge
it_00102,"Hello, Order was supposed to arrive at noon, came 40 minutes late Very frustrating.",2026-09-01T13:20:28+00:00,late_delivery
it_00103,"Hello, Charged twice for the Premium plan, need one charge reversed Fix this please.",2026-09-01T13:25:29+00:00,double_charge
it_00104,Got charged $9.99 twice today for a signle order Please help!,2026-09-01T13:27:49+00:00,double_charge
it_00105,Got charged $31.20 twice today for a single order Please help!,2026-09-01T13:29:59+00:00,double_charge
it_00106,"hey team, double charge on my card for $9.99, please refund one of them",2026-09-01T13:31:31+00:00,double_charge
it_00107,The app keeps logging me out every few minutes on my iPxel 8,2026-09-01T13:41:45+00:00,login_loop
it_00108,Every time I open the app I'm signed out again Please help!,2026-09-01T13:43:48+00:00,login_loop
it_00109,I enter my password and it sends me right back to the sign in screen,2026-09-01T13:45:26+00:00,login_loop
it_00110,"Hello, I enter my password and it sends me right back to the sign in screen This is the second time.",2026-09-01T13:48:31+00:00,login_loop
it_00111,"hey team, charged twice for the family plan, need noe charge reversed this is the second time.",2026-09-01T13:49:27+00:00,double_charge
it_00112,"Hello, I enter my passwodr and it sends me right back to the sign in screen Thanks.",2026-09-01T13:52:18+00:00,login_loop
it_00113,"Charged twice for the annual plan, need one charge reversed Fix this please.",2026-09-01T13:54:14+00:00,double_charge
it_00114,urgent: my bank shows two identical payments of $9.99 from you this is the second time.,2026-09-01T14:01:00+00:00,double_charge
it_00115,"Ugh. Double charge on my card for $9.99, please refund one of them Any update?",2026-09-01T14:01:24+00:00,double_charge
it_00116,"hi, can't stay signed in, it asks me to log in again constantly",2026-09-01T14:08:46+00:00,login_loop
it_00117,"Hello, I was charged twice for my Plus subscription htis month Please help!",2026-09-01T14:11:09+00:00,double_charge
it_00118,Login page refreshes endlessly on my Pixel 8 This is the second time.,2026-09-01T14:13:21+00:00,login_loop
it_00119,"hey team, i enter my password and it sends me right back to the sign in screen this is the second time.",2026-09-01T14:18:16+00:00,login_loop
it_00120,urgent: you billed me two times for the same annual renewal,2026-09-01T14:22:19+00:00,double_charge
it_00121,URGENT: Why are there duplicate charges on my statement for $9.99? Please help!,2026-09-01T14:24:48+00:00,double_charge
it_00122,Help! My bank shows two identical payments of $12.99 from you,2026-09-01T14:30:24+00:00,double_charge
it_00123,you billed me two times for the same prmeium renewal any update?,2026-09-01T14:31:00+00:00,double_charge
it_00124,Why are there duplicate charges on my statement for $49?,2026-09-01T14:33:53+00:00,double_charge
it_00125,Got charged $31.20 twice today for a single order This is the second time.,2026-09-01T14:35:26+00:00,double_charge
it_00126,"hi, after version 7.2 the app won't keep me logged in please help!",2026-09-01T14:37:00+00:00,login_loop
it_00127,ugh. my bank shows two identical payments of $24.50 from you please hepl!,2026-09-01T14:38:44+00:00,double_charge
it_00128,"Hey team, Every time I open the app I'm signed out again",2026-09-01T14:40:21+00:00,login_loop
it_00129,"Hey team, Charged twice for the Premium plan, need one charge reversed",2026-09-01T14:40:27+00:00,double_charge
it_00130,"Double charge on my card for $49, please refund one of them",2026-09-01T14:41:20+00:00,double_charge
it_00131,URGENT: Sign in works then immediately kicks me back to the login screen Thanks.,2026-09-01T14:43:12+00:00,login_loop
it_00132,help! sign in works then immediately kicks me back to the login screen,2026-09-01T14:44:26+00:00,login_loop
it_00133,the eta kept moving and my order showed up 40 minutes after ti was promised,2026-09-01T14:47:52+00:00,late_delivery
it_00134,ugh. why are there duplicate charges on my statement for $31.20?,2026-09-01T14:50:44+00:00,double_charge
it_00135,After version 7.2 the app won't keep me logged in Please help!,2026-09-01T14:52:57+00:00,login_loop
it_00136,every time i open the app i'm signed out again please help!,2026-09-01T14:54:00+00:00,login_loop
it_00137,sign in works then immediately kicks me back to the login screen,2026-09-01T14:56:32+00:00,login_loop
it_00138,"Hey team, Why are there duplicate charges on my statement for $12.99? Any update?",2026-09-01T14:59:22+00:00,double_charge
it_00139,"ugh. double charge on my card for $24.50, please refund one of them very frustrating.",2026-09-01T14:59:36+00:00,double_charge
it_00140,"urgent: charged twice for the family plan, need one charge reversed please help!",2026-09-01T15:01:22+00:00,double_charge
it_00141,"Hi, My bank shows two identical payments of $12.99 from you",2026-09-01T15:02:10+00:00,double_charge
it_00142,"Hello, Sign in works then immediately kicks me bcak to the login screen Very frustrating.",2026-09-01T15:10:09+00:00,login_loop
it_00143,The app keeps logging me out every few minutes on my Pixel 8 Very frustrating.,2026-09-01T15:12:33+00:00,login_loop
it_00144,URGENT: After versino 7.2 the app won't keep me logged in Very frustrating.,2026-09-01T15:12:59+00:00,login_loop
it_00145,"hey team, why do some restaurants have minimum order amounts? fix this please.",2026-09-01T15:13:23+00:00,noise
it_00146,"Ugh. Charged twice for the monthly plan, need one charge reversed Fix this please.",2026-09-01T15:21:03+00:00,double_charge
it_00147,My bank shows two identical payments of $12.99 from you Fix this please.,2026-09-01T15:21:38+00:00,double_charge
it_00148,Help! You billed me two times for the same Family renewal Please help!,2026-09-01T15:21:39+00:00,double_charge
it_00149,"ugh. charged twice for the plus plan, need one charge reversed any update?",2026-09-01T15:23:36+00:00,double_charge
it_00150,Every time I open the app I'm signed out again Very frustrating.,2026-09-01T15:28:11+00:00,login_loop
it_00151,"Hello, Every time I open the app I'm signed out again Very frustrating.",2026-09-01T15:31:16+00:00,login_loop
it_00152,My bank shows two identical payments of $49 from you Thanks.,2026-09-01T15:31:27+00:00,double_charge
it_00153,Stuck in a login loop after updating to iOS 18 Please help!,2026-09-01T15:32:01+00:00,login_loop
it_00154,Help! Login page refreshes endlessly on my Pixel 8 Very frustrating.,2026-09-01T15:32:03+00:00,login_loop
it_00155,i enter my password and it sends me right back to the sign in screen very frustrating.,2026-09-01T15:32:18+00:00,login_loop
it_00156,I was charged twice for my annual subscription this month,2026-09-01T15:34:28+00:00,double_charge
it_00157,My bank shows two identical payments of $24.50 from you Very frustrating.,2026-09-01T15:37:36+00:00,double_charge
it_00158,Help! My bank shows two identical payments of $31.20 from you Very frustrating.,2026-09-01T15:40:20+00:00,double_charge
it_00159,"Hey team, My bank shows two identical payments of $12.99 from you Thanks.",2026-09-01T15:41:02+00:00,double_charge
it_00160,URGENT: I was charged twice for my Plus subscription this month,2026-09-01T15:41:05+00:00,double_charge
it_00161,"Double charge on my card for $9.99, please erfund one of them Any update?",2026-09-01T15:43:14+00:00,double_charge
it_00162,"Hey team, Every time I open the app I'm signed out again",2026-09-01T15:49:04+00:00,login_loop
it_00163,"Charged twice for the Family plan, need one charge reversed",2026-09-01T15:49:05+00:00,double_charge
it_00164,Ugh. Sign in works then immediately kicks me back to the login screen,2026-09-01T15:49:28+00:00,login_loop
it_00165,Stuck in a login loop after updating to Android 15 Very frustrating.,2026-09-01T15:53:42+00:00,login_loop
it_00166,URGENT: Sign in works then immediately kicks me back to the login screen,2026-09-01T15:56:10+00:00,login_loop
it_00167,My bank shows two identical payments of $49 from you This is the second time.,2026-09-01T15:58:17+00:00,double_charge
it_00168,"Hi, Login page refreshes endlessly on my iPhone 15 Fix this please.",2026-09-01T16:01:20+00:00,login_loop
it_00169,stuck in a login loop after updating to the ltaest update very frustrating.,2026-09-01T16:02:53+00:00,login_loop
it_00170,urgent: why are there duplicate charges on my statement for $31.20? fix this please.,2026-09-01T16:03:57+00:00,double_charge
it_00171,"Hello, You billed me two times for the same Premium renewal Any update?",2026-09-01T16:05:31+00:00,double_charge
it_00172,"Hi, After iOS 18 the app won't keep me logged in Please help!",2026-09-01T16:06:09+00:00,login_loop
it_00173,"Hi, Stuck in a login loop after updating to Android 15 Any update?",2026-09-01T16:06:45+00:00,login_loop
it_00174,Payment went through twice and I only placed one order Please help!,2026-09-01T16:07:50+00:00,double_charge
it_00175,"Hi, Payment went through twice and I only placed one order",2026-09-01T16:09:23+00:00,double_charge
it_00176,Why are there duplicate charges on my statement for $24.50? Please help!,2026-09-01T16:10:07+00:00,double_charge
it_00177,Ugh. Sign in works then immediately kicks me back to the login screen Any update?,2026-09-01T16:12:31+00:00,login_loop
it_00178,you billed me two times for the same premium renewal pelase help!,2026-09-01T16:14:36+00:00,double_charge
it_00179,You billed me two times for the same Fmaily renewal Fix this please.,2026-09-01T16:15:50+00:00,double_charge
it_00180,URGENT: Why are there duplicate hcarges on my statement for $49? Fix this please.,2026-09-01T16:18:29+00:00,double_charge
it_00181,"hello, payment went through twice and i only placed one order this si the second time.",2026-09-01T16:19:32+00:00,double_charge
it_00182,"Hello, Can't stay signed in, it asks me to log in again constantly",2026-09-01T16:19:49+00:00,login_loop
it_00183,"Hi, Why are there duplicate charges on my statement for $31.20? Very frustrating.",2026-09-01T16:23:01+00:00,double_charge
it_00184,i enter my password and it sends me right back to the sign in screen fix this please.,2026-09-01T16:23:30+00:00,login_loop
it_00185,"hi, stuck in a login loop after updating to the latest update",2026-09-01T16:26:23+00:00,login_loop
it_00186,"Hello, Charged twice for the Plus plan, need one charge reversed Fix this please.",2026-09-01T16:31:25+00:00,double_charge
it_00187,the eta kept moving and my order showed up 40 minutes after it was promised fix this please.,2026-09-01T16:32:07+00:00,late_delivery
it_00188,"hey team, i enter my password and it sends me right back to the sign in screen very frustrating.",2026-09-01T16:37:28+00:00,login_loop
it_00189,Ugh. You billed me two times for the same Family renewal This is the second time.,2026-09-01T16:38:29+00:00,double_charge
it_00190,the app keeps logging me out every few minutes on my oneplus 12 thanks.,2026-09-01T16:38:41+00:00,login_loop
it_00191,Help! I was charged twice for my annual subscription this month Fix this please.,2026-09-01T16:39:20+00:00,double_charge
it_00192,"hey team, why are there duplicate charges on my statement for $24.50? any update?",2026-09-01T16:39:31+00:00,double_charge
it_00193,"Hey team, Login page refreshes endlessly on my Pixel 8",2026-09-01T16:40:10+00:00,login_loop
it_00194,I was charged twice for my monthly subscription this month Please help!,2026-09-01T16:45:26+00:00,double_charge
it_00195,ugh. payment went through twice and i only placed one order thanks.,2026-09-01T16:51:40+00:00,double_charge
it_00196,"Hey team, I was charged twice for my annual subscripiton this month Fix this please.",2026-09-01T16:53:33+00:00,double_charge
it_00197,payment went through twice and i only placed one order,2026-09-01T16:53:47+00:00,double_charge
it_00198,help! payment went through twice and i only placed one order,2026-09-01T16:54:08+00:00,double_charge
it_00199,sign in works then immediately kicks me back to the login screen,2026-09-01T16:59:49+00:00,login_loop
it_00200,i was charged twice for my plus subscirption this month,2026-09-01T17:03:44+00:00,double_charge
it_00201,Ugh. I was charged twice for my Family subscription this month Any update?,2026-09-01T17:06:41+00:00,double_charge
it_00202,You billed me two times for the same montlhy renewal,2026-09-01T17:07:14+00:00,double_charge
it_00203,"Hello, I enter my password and it sends me right back to the sign in screen Any update?",2026-09-01T17:11:35+00:00,login_loop
it_00204,"hey team, i was charged twice for my monthly subscription this month this is the second time.",2026-09-01T17:13:00+00:00,double_charge
it_00205,"Hey team, Double charge on my card for $12.99, please refund one of them Please help!",2026-09-01T17:15:28+00:00,double_charge
it_00206,"hey team, why are there duplicate charges on my statement for $24.50? please help!",2026-09-01T17:18:08+00:00,double_charge
it_00207,"hello, stuck in a login loop after updating to ios 18 thanks.",2026-09-01T17:19:51+00:00,login_loop
it_00208,"Hello, Why are there duplicate charges on my statement for $12.99? Fix this please.",2026-09-01T17:22:45+00:00,double_charge
it_00209,"Hello, Payment went through twice and I only placed one order Fix this please.",2026-09-01T17:28:40+00:00,double_charge
it_00210,Ugh. My bank shwos two identical payments of $49 from you Any update?,2026-09-01T17:31:34+00:00,double_charge
it_00211,Help! Got charged $49 twice today for a single order Any update?,2026-09-01T17:34:14+00:00,double_charge
it_00212,URGENT: Payment went through twice and I only placed one order,2026-09-01T17:35:58+00:00,double_charge
it_00213,"Charged twice for the Plus plan, need one charge reversed Any update?",2026-09-01T17:38:07+00:00,double_charge
it_00214,Why are there duplicate charges on my tsatement for $12.99?,2026-09-01T17:41:58+00:00,double_charge
it_00215,"Hey team, You billed me two times for the same Family renewal Very frustrating.",2026-09-01T17:48:19+00:00,double_charge
it_00216,Got charged $12.99 twice today for a single order Any update?,2026-09-01T17:49:56+00:00,double_charge
it_00217,Help! Got charged $24.50 twice today for a snigle order Very frustrating.,2026-09-01T17:50:29+00:00,double_charge
it_00218,my order from freshmart arrived two hours late this is the second time.,2026-09-01T17:50:35+00:00,late_delivery
it_00219,"Hey team, Stuck in a login loop after updating to the latest update Fix this please.",2026-09-01T17:56:07+00:00,login_loop
it_00220,"help! double charge on my card for $12.99, please refund one of them this is the second time.",2026-09-01T17:58:01+00:00,double_charge
it_00221,urgent: after version 7.2 the app won't keep me logged in please help!,2026-09-01T17:58:45+00:00,login_loop
it_00222,"Hey team, I enter my password and it sends me right back to the sign in screen Very frustrating.",2026-09-01T18:00:58+00:00,login_loop
it_00223,"help! double charge on my card for $49, please refund one of them fix this please.",2026-09-01T18:01:10+00:00,double_charge
it_00224,"Can't stay signed in, it asks me to log in again constantly",2026-09-01T18:03:21+00:00,login_loop
it_00225,Why are there duplicate charges on my statement for $9.99? Very frustrating.,2026-09-01T18:09:55+00:00,double_charge
it_00226,My bank shows two identical payments of $49 from you,2026-09-01T18:16:04+00:00,double_charge
it_00227,Help! Why are there duplicate charges on my statement for $31.20? Fix this please.,2026-09-01T18:16:20+00:00,double_charge
it_00228,"Double charge on my card ofr $12.99, please refund one of them This is the second time.",2026-09-01T18:22:50+00:00,double_charge
it_00229,"Help! Very unprofessional driver, swore at me This is the second time.",2026-09-01T18:22:55+00:00,driver_rude
it_00230,My bank shows two identical payments of $31.20 from you Fix this please.,2026-09-01T18:26:01+00:00,double_charge
it_00231,Ugh. Why does every order from FreshMart show up 90 minutes late?,2026-09-01T18:27:25+00:00,late_delivery
it_00232,"hi, got charged $31.20 twice today for a single order fix this please.",2026-09-01T18:27:33+00:00,double_charge
it_00233,The app keeps logging me out every few minutes on my OnePlus 12,2026-09-01T18:28:01+00:00,login_loop
it_00234,Help! Why are there duplicate chrages on my statement for $24.50? Very frustrating.,2026-09-01T18:31:51+00:00,double_charge
it_00235,Got charged $12.99 twice today for a single order Please help!,2026-09-01T18:33:50+00:00,double_charge
it_00236,payment went through twice and i only placed one order any update?,2026-09-01T18:33:51+00:00,double_charge
it_00237,"hi, the app keeps logging me out every few minutes on my galaxy s23 thanks.",2026-09-01T18:36:30+00:00,login_loop
it_00238,Is there a dark store near downtown?,2026-09-01T18:38:32+00:00,noise
it_00239,"can't stay signed in, it asks me to log in again constantly",2026-09-01T18:38:48+00:00,login_loop
it_00240,the eta kept moving and my order showed up an hour after it was promised,2026-09-01T18:41:58+00:00,late_delivery
it_00241,"hello, double charge on my card for $12.99, please refund one of them thanks.",2026-09-01T18:43:30+00:00,double_charge
it_00242,URGENT: Every time I open the app I'm signed out again,2026-09-01T18:44:56+00:00,login_loop
it_00243,URGENT: Got charged $9.99 twice today for a single order,2026-09-01T18:47:08+00:00,double_charge
it_00244,"hello, charged twice for the annual plan, need one charge reversed",2026-09-01T18:47:31+00:00,double_charge
it_00245,"help! double charge on my card for $9.99, please refund one of them",2026-09-01T18:52:31+00:00,double_charge
it_00246,Ugh. Login page refreshes endlessly on my iPad,2026-09-01T18:55:03+00:00,login_loop
it_00247,"hey team, my bank shows two identical payments of $24.50 from you any update?",2026-09-01T19:04:05+00:00,double_charge
it_00248,"URGENT: Double charge on my card for $12.99, please refund one of them Please help!",2026-09-01T19:07:33+00:00,double_charge
it_00249,"Hello, My bank shows two identical payments of $49 from you Very frustrating.",2026-09-01T19:09:52+00:00,double_charge
it_00250,I was charged twice for my monthly subscription this month Any update?,2026-09-01T19:10:55+00:00,double_charge
it_00251,Ugh. Why are there duplicate charges on my statement for $24.50? Fix this please.,2026-09-01T19:11:01+00:00,double_charge
it_00252,"Hey team, Double charge on my card for $9.99, please refund one of them Thanks.",2026-09-01T19:22:27+00:00,double_charge
it_00253,"Hello, Payment went through twice and I only placed one order This is the second time.",2026-09-01T19:34:42+00:00,double_charge
it_00254,"Hello, Login page refreshes endlessly on my OnePlus 12",2026-09-01T19:37:54+00:00,login_loop
it_00255,"Hi, My bank shows two idetnical payments of $9.99 from you Very frustrating.",2026-09-01T19:42:39+00:00,double_charge
it_00256,Login page refreshes endlessly on ym iPad Please help!,2026-09-01T19:46:34+00:00,login_loop
it_00257,after ios 18 the app won't keep me logged in,2026-09-01T19:48:59+00:00,login_loop
it_00258,"Hello, Why are there duplicate charges on my statement for $9.99? Fix this please.",2026-09-01T19:54:43+00:00,double_charge
it_00259,Ugh. The app keeps logging me out every few minutes on my Pixel 8 Very frustrating.,2026-09-01T19:57:02+00:00,login_loop
it_00260,Every time I open the app I'm signed out again,2026-09-01T20:10:28+00:00,login_loop
it_00261,Help! Got charged $12.99 twice today for a single order,2026-09-01T20:20:25+00:00,double_charge
it_00262,"Double charge on my card for $9.99, please refund one of them This is the second time.",2026-09-01T20:20:31+00:00,double_charge
it_00263,"charged twice for the monthly plan, need one charge reversed thanks.",2026-09-01T20:30:26+00:00,double_charge
it_00264,"Hello, Login page refreshes endlessly on my Galaxy S23 Please help!",2026-09-01T20:33:56+00:00,login_loop
it_00265,"eHlp! Double charge on my card for $24.50, please refund one of them This is the second time.",2026-09-01T20:35:45+00:00,double_charge
it_00266,sign in works then immediately kicks me back to the login screen thanks.,2026-09-01T20:41:24+00:00,login_loop
it_00267,"Hey team, After iOS 18 the app won't kepe me logged in Thanks.",2026-09-01T20:42:33+00:00,login_loop
it_00268,Got charged $49 twice today for a single order Fix this please.,2026-09-01T20:43:27+00:00,double_charge
it_00269,"hey team, why are there duplicate charges on my statement for $49?",2026-09-01T20:51:33+00:00,double_charge
it_00270,"Hi, Sign in works then immediately kicks me back to the login screen Thanks.",2026-09-01T20:52:15+00:00,login_loop
it_00271,"Charged twice for the monthly plan, need one charge reversed Very frustrating.",2026-09-01T20:52:26+00:00,double_charge
it_00272,"Hello, After Android 15 the app won't keep me logged in Fix this please.",2026-09-01T20:53:51+00:00,login_loop
it_00273,"hey team, why are there duplicate charges on my statement for $12.99?",2026-09-01T20:55:27+00:00,double_charge
it_00274,I enter my password and it sends me right back to the sign in screen,2026-09-01T20:55:58+00:00,login_loop
it_00275,Stuck in a login loop after updating to iOS 18 Thanks.,2026-09-01T20:56:41+00:00,login_loop
it_00276,"Hey team, Login page refreshes endlessly on my Pixel 8 Any update?",2026-09-01T20:58:26+00:00,login_loop
it_00277,"Hey team, Got charged $9.99 twice today for a single order This is the second time.",2026-09-01T21:04:22+00:00,double_charge
it_00278,"Charged twice for the Fmaily plan, need one charge reversed Thanks.",2026-09-01T21:05:23+00:00,double_charge
it_00279,URGENT: You billed me two times for the same monthly renewal Thanks.,2026-09-01T21:05:29+00:00,double_charge
it_00280,Help! Every time I open the app I'm signed out again Very frustrating.,2026-09-01T21:10:52+00:00,login_loop
it_00281,"hi, got charged $31.20 twice today for a single order very frustrating.",2026-09-01T21:11:00+00:00,double_charge
it_00282,"Hi, Login page refreshes endlessly on my OnePlus 12 Thanks.",2026-09-01T21:12:39+00:00,login_loop
it_00283,"Hi, I was charged twice for my Plus subscription this month Fix this please.",2026-09-01T21:13:00+00:00,double_charge
it_00284,"hi, charged twice for the family plan, need one charge reversed thanks.",2026-09-01T21:16:31+00:00,double_charge
it_00285,"Hey team, Can't stay signed in, it asks me to log in again constantly",2026-09-01T21:17:46+00:00,login_loop
it_00286,"hi, after ios 18 the app won't keep me logged in",2026-09-01T21:18:09+00:00,login_loop
it_00287,After Android 15 the app won't keep me logged in,2026-09-01T21:18:59+00:00,login_loop
it_00288,Sign in works then immediately kicks me back to the login screen This is the second time.,2026-09-01T21:21:59+00:00,login_loop
it_00289,"hi, why are there duplicate charges on my statement for $49? any update?",2026-09-01T21:24:34+00:00,double_charge
it_00290,help! login page refreshes endlessly on my pixel 8,2026-09-01T21:26:29+00:00,login_loop
it_00291,"Ugh. Can't stay signed in, it asks me to log in again constantly Thanks.",2026-09-01T21:30:00+00:00,login_loop
it_00292,URGENT: After Android 15 the app won't keep me logged in This is the second time.,2026-09-01T21:44:28+00:00,login_loop
it_00293,"Hello, Login page refreshes endlessly on my iPad",2026-09-01T21:46:37+00:00,login_loop
it_00294,"Hello, Charged twice for the Family plan, need one charge reversed",2026-09-01T21:48:58+00:00,double_charge
it_00295,Every time I open the app I'm signed out again Fix this please.,2026-09-01T21:55:11+00:00,login_loop
it_00296,"hey team, after the latest update the app won't keep me logged in",2026-09-01T22:10:07+00:00,login_loop
it_00297,"Double charge on my card for $12.99, please refund one of them",2026-09-01T22:10:12+00:00,double_charge
it_00298,My bank shows two identical payments of $31.20 from you Very frustrating.,2026-09-01T22:12:27+00:00,double_charge
it_00299,My bank shows two idnetical payments of $24.50 from you,2026-09-01T22:19:30+00:00,double_charge
it_00300,urgent: the app keeps logging me out every few minutes on my pixel 8 thanks.,2026-09-01T22:25:43+00:00,login_loop
it_00301,you billed me two times for the same monthly renewal very frustrating.,2026-09-01T22:27:44+00:00,double_charge
it_00302,"Hello, Charged twice for the Premium plan, need one charge reversed Please help!",2026-09-01T22:28:40+00:00,double_charge
it_00303,Why are there duplicaet charges on my statement for $31.20? Any update?,2026-09-01T22:35:26+00:00,double_charge
it_00304,Help! Stuck in a login loop after updating ot version 7.2 Fix this please.,2026-09-01T22:35:55+00:00,login_loop
it_00305,"Hey team, Login page refreshes endlessly on my Galaxy S23 Please help!",2026-09-01T22:39:03+00:00,login_loop
it_00306,after the latest update the app won't keep me logged in please help!,2026-09-01T22:39:16+00:00,login_loop
it_00307,"hi, sign in works then immediately kicks me back to the login screen this is the second time.",2026-09-01T22:45:58+00:00,login_loop
it_00308,sign in works then immediately kicks me back to the login screen any update?,2026-09-01T22:46:50+00:00,login_loop
it_00309,My order from the corner bakery arrived two hours late Any update?,2026-09-01T22:48:49+00:00,late_delivery
it_00310,"Hey team, Driver was 90 minutes late and the food was cold",2026-09-01T22:53:17+00:00,late_delivery
it_00311,"Hey team, I enter my passwrod and it sends me right back to the sign in screen Fix this please.",2026-09-01T22:53:42+00:00,login_loop
it_00312,Help! Login page refreshes endlessly on my iPhone 15 Fix this please.,2026-09-01T22:54:04+00:00,login_loop
it_00313,"eHllo, My bank shows two identical payments of $9.99 from you",2026-09-01T23:02:38+00:00,double_charge
it_00314,ugh. every time i open the app i'm signed out again,2026-09-01T23:03:22+00:00,login_loop
it_00315,"Hello, The app keeps logging me out every few minutes on my OnePlus 12",2026-09-01T23:03:41+00:00,login_loop
it_00316,"hi, every time i open the app i'm signed out again",2026-09-01T23:04:22+00:00,login_loop
it_00317,my bank shows two identical payments of $31.20 from you,2026-09-01T23:06:18+00:00,double_charge
it_00318,you billed me two times for the same annual renewal fix this please.,2026-09-01T23:09:14+00:00,double_charge
it_00319,"Hey team, Courier yelled at me because the building was hard to find Thanks.",2026-09-01T23:16:40+00:00,driver_rude
it_00320,the app ekeps logging me out every few minutes on my oneplus 12 very frustrating.,2026-09-01T23:17:40+00:00,login_loop
it_00321,You billed me two times for the same Family renewal Thanks.,2026-09-01T23:17:55+00:00,double_charge
it_00322,"Hello, Stuck in a login loop afetr updating to the latest update",2026-09-01T23:28:19+00:00,login_loop
it_00323,"Hi, Charged twice for the Family plan, need one charge reversed Fix this please.",2026-09-01T23:30:11+00:00,double_charge
it_00324,"Hi, You billed me two times for the same annual renewal",2026-09-01T23:36:46+00:00,double_charge
it_00325,"Hello, My bank shows two identical payments of $12.99 from you Fix this please.",2026-09-01T23:37:33+00:00,double_charge
it_00326,I enter my password and it sends me right back to the sign in screen,2026-09-01T23:39:24+00:00,login_loop
it_00327,"hi, every time i open the app i'm signed out again this is the second time.",2026-09-01T23:45:35+00:00,login_loop
it_00328,The app keeps logging me out every few minutes on my Pixel 8,2026-09-01T23:47:09+00:00,login_loop
it_00329,help! i enter my password and it sends me right back to the sign in screen,2026-09-01T23:55:55+00:00,login_loop
it_00330,"hello, after the latest update the app won't keep me logged in",2026-09-02T00:00:12+00:00,login_loop
it_00331,"hi, you billed me two times for the same annual renewal thanks.",2026-09-02T00:01:09+00:00,double_charge
it_00332,Help! After version 7.2 the app won't keep me logged in Very frustrating.,2026-09-02T00:03:58+00:00,login_loop
it_00333,you billed me two times for the same family renewal please help!,2026-09-02T00:07:27+00:00,double_charge
it_00334,"hi, after android 15 the app won't keep me logged in thanks.",2026-09-02T00:13:47+00:00,login_loop
it_00335,Every time I open the app I'm signed out again This is the second time.,2026-09-02T00:16:55+00:00,login_loop
it_00336,"Hi, You billed me two times for the same Family renewal Please help!",2026-09-02T00:19:25+00:00,double_charge
it_00337,Help! Got charged $24.50 twice today for a single order,2026-09-02T00:24:12+00:00,double_charge
it_00338,"hey team, the app keeps logging me out every few minutes on my ipad very frustrating.",2026-09-02T00:25:26+00:00,login_loop
it_00339,"hello, can't stay signed in, it asks me to log in again constantly",2026-09-02T00:28:18+00:00,login_loop
it_00340,Why are there duplicate charges on my statement for $49?,2026-09-02T00:28:27+00:00,double_charge
it_00341,"hello, can't stay signed in, it asks me to log in again constantly please help!",2026-09-02T00:30:15+00:00,login_loop
it_00342,"Hi, You billed me two times for the same monthly renewal Fix this please.",2026-09-02T00:31:31+00:00,double_charge
it_00343,help! you billed me two times for the same plus renewal this is the second time.,2026-09-02T00:34:24+00:00,double_charge
it_00344,You billed me two times for the same Plus renewal Please help!,2026-09-02T00:38:05+00:00,double_charge
it_00345,Payment failed with error code 402 on a valid card Thanks.,2026-09-02T00:40:42+00:00,card_declined
it_00346,"Hello, Double charge on my card for $49, please refund one of them",2026-09-02T00:41:34+00:00,double_charge
it_00347,"Hey team, The app keeps logging me out every few minutes on my Pixel 8 Fix this please.",2026-09-02T00:44:48+00:00,login_loop
it_00348,"URGENT: Double charge on my card for $24.50, please refund one of them Please hepl!",2026-09-02T00:49:14+00:00,double_charge
it_00349,"Hello, Can't stay signed in, it asks me to log in again constantly",2026-09-02T00:50:43+00:00,login_loop
it_00350,"Ugh. Double charge on my card for $24.50, please refund one of them",2026-09-02T00:51:36+00:00,double_charge
it_00351,URGENT: Got charged $12.99 twice today for a single order Very frustrating.,2026-09-02T00:52:43+00:00,double_charge
it_00352,"hi, card declined at checkout even with enough ablance fix this please.",2026-09-02T00:59:26+00:00,card_declined
it_00353,"Hello, Every time I open the app I'm signed out again Thanks.",2026-09-02T01:05:34+00:00,login_loop
it_00354,ugh. got charged $12.99 twice today for a single order,2026-09-02T01:06:17+00:00,double_charge
it_00355,Sign in works then immediately kicks me back to the login screen This is the second time.,2026-09-02T01:08:50+00:00,login_loop
it_00356,"hey team, payment went through twice and i only placed one order fix this please.",2026-09-02T01:15:27+00:00,double_charge
it_00357,My bank shows two identical payments of $12.99 from you Any update?,2026-09-02T01:18:59+00:00,double_charge
it_00358,Valid card rejected repeatedly by your payment page Thanks.,2026-09-02T01:19:29+00:00,card_declined
it_00359,"Hi, Waited 45 minutes past the delivery window fro the corner bakery Any update?",2026-09-02T01:21:34+00:00,late_delivery
it_00360,Got charged $49 twice today for a single order Very frustrating.,2026-09-02T01:35:06+00:00,double_charge
it_00361,Payment failed with error code 402 on a valid card Fix this please.,2026-09-02T01:35:36+00:00,card_declined
it_00362,"Hello, hWy are there duplicate charges on my statement for $49? Please help!",2026-09-02T01:37:12+00:00,double_charge
it_00363,waited 45 minutes past the delivrey window for pizza palace,2026-09-02T01:37:43+00:00,late_delivery
it_00364,Help! Card declined at checkout even with enough balance Any update?,2026-09-02T01:45:33+00:00,card_declined
it_00365,"Hi, Half my order was missing, no milk at all Any update?",2026-09-02T01:53:58+00:00,missing_items
it_00366,Got charged $24.50 twice today for a single order This is the second time.,2026-09-02T01:56:48+00:00,double_charge
it_00367,"Hey team, Checkout says apyment declined for my $31.20 order",2026-09-02T01:57:57+00:00,card_declined
it_00368,"Hey team, I was charged twice for my Family subscription this month",2026-09-02T01:58:02+00:00,double_charge
it_00369,Ugh. You billed me two times for the same Premium renewal Very frustrating.,2026-09-02T02:00:51+00:00,double_charge
it_00370,"Ugh. Extremely late delivery again, 45 minutes behind schedule",2026-09-02T02:01:36+00:00,late_delivery
it_00371,"Hey team, I enter my password and it sends me right back to the sign in screen",2026-09-02T02:05:48+00:00,login_loop
it_00372,help! login page refreshes endlessly on my pixel 8 please help!,2026-09-02T02:09:06+00:00,login_loop
it_00373,"ugh. payment error when placing order, card is fine please help!",2026-09-02T02:12:02+00:00,card_declined
it_00374,"Hey team, Apple Pay fails every time I try to pay Thanks.",2026-09-02T02:12:59+00:00,card_declined
it_00375,Checkout says payment declined for my $49 order Thanks.,2026-09-02T02:14:57+00:00,card_declined
it_00376,urgent: ogt charged $24.50 twice today for a single order,2026-09-02T02:15:55+00:00,double_charge
it_00377,Help! The app keeps logging me out every few minutes on my Pixel 8 Fix this please.,2026-09-02T02:19:13+00:00,login_loop
it_00378,after android 15 the app won't keep me logged in,2026-09-02T02:19:27+00:00,login_loop
it_00379,"can't add my credit card, it says payment method invalid thanks.",2026-09-02T02:20:00+00:00,card_declined
it_00380,Help! My bank shows two identical payments of $49 from you Fix this please.,2026-09-02T02:23:04+00:00,double_charge
it_00381,ugh. after android 15 the app won't keep me logged in this is the second time.,2026-09-02T02:30:03+00:00,login_loop
it_00382,sign in works then immediately kicks me back to the login screen thanks.,2026-09-02T02:30:29+00:00,login_loop
it_00383,"Can't stay signed in, it asks me to log in again constantly Any update?",2026-09-02T02:31:00+00:00,login_loop
it_00384,payment went trhough twice and i only placed one order,2026-09-02T02:31:32+00:00,double_charge
it_00385,"Hey team, Driver was 90 minutes late and the food was cold Any update?",2026-09-02T02:38:19+00:00,late_delivery
it_00386,"Hey team, Payment failed with error code 402 on a valid card",2026-09-02T02:41:17+00:00,card_declined
it_00387,"hi, can't stya signed in, it asks me to log in again constantly this is the second time.",2026-09-02T02:44:43+00:00,login_loop
it_00388,Apple Pay fails every time I try to pay,2026-09-02T02:48:04+00:00,card_declined
it_00389,"Hey team, Checkout says payment declined for my $49 order Please help!",2026-09-02T02:49:44+00:00,card_declined
it_00390,"hello, sign in works then immediately kicks me bakc to the login screen very frustrating.",2026-09-02T02:50:51+00:00,login_loop
it_00391,"Payment error when placing order, card is fine",2026-09-02T02:51:14+00:00,card_declined
it_00392,URGENT: Stuck in a login loop after updating to Android 15 This is the second time.,2026-09-02T02:51:21+00:00,login_loop
it_00393,Checkout says payment declined for my $24.50 order Please help!,2026-09-02T02:52:15+00:00,card_declined
it_00394,Ugh. Login page refreshes endlessly on my OnePlus 12 This is the second time.,2026-09-02T02:53:35+00:00,login_loop
it_00395,"hi, sign in works then immediately kicks me back to the login screen fix this please.",2026-09-02T02:59:02+00:00,login_loop
it_00396,"Hello, The ETA kept moving and my order showed up 90 minutes after it was promised",2026-09-02T03:00:10+00:00,late_delivery
it_00397,ugh. payment failed with error code 402 on a valid card,2026-09-02T03:05:08+00:00,card_declined
it_00398,"Hey team, Stuck in a olgin loop after updating to the latest update",2026-09-02T03:06:41+00:00,login_loop
it_00399,"Hi, After the latest update the app won't keep me logged in",2026-09-02T03:07:08+00:00,login_loop
it_00400,Ugh. Sign in works then immediately kicks me back to the login screen,2026-09-02T03:09:41+00:00,login_loop
it_00401,urgent: i enter my password and it sends me right back to the sign in screen,2026-09-02T03:10:54+00:00,login_loop
it_00402,courier yelled at me because the building was hard to find,2026-09-02T03:12:50+00:00,driver_rude
it_00403,Apple Pay fails every time I try to pay Thanks.,2026-09-02T03:14:00+00:00,card_declined
it_00404,"Hey team, Valid card rejected repeatedly by your pamyent page Any update?",2026-09-02T03:15:44+00:00,card_declined
it_00405,My card keeps getting declined but it works everywhere else Thanks.,2026-09-02T03:16:19+00:00,card_declined
it_00406,ugh. after ios 18 the app won't keep me logged in this is the second time.,2026-09-02T03:20:39+00:00,login_loop
it_00407,"Hey team, Bag arrived without the salad even though I paid for it",2026-09-02T03:21:43+00:00,missing_items
it_00408,help! card declined at checkuot even with enough balance,2026-09-02T03:23:03+00:00,card_declined
it_00409,"Ugh. Double hcarge on my card for $9.99, please refund one of them Very frustrating.",2026-09-02T03:25:36+00:00,double_charge
it_00410,URGENT: Payment went through twice and I only placed one order This is the second time.,2026-09-02T03:28:57+00:00,double_charge
it_00411,"Hey team, My card keeps getting declined but it works everywhere else",2026-09-02T03:32:56+00:00,card_declined
it_00412,URGENT: Waited 90 minutes past the delivery window for GreenLeaf Very frustrating.,2026-09-02T03:36:09+00:00,late_delivery
it_00413,Checkout says payment declined for my $9.99 order,2026-09-02T03:36:17+00:00,card_declined
it_00414,Ugh. My bank shows two idnetical payments of $12.99 from you,2026-09-02T03:37:35+00:00,double_charge
it_00415,Help! My card keeps getting declined but it works everywhere else Any update?,2026-09-02T03:37:43+00:00,card_declined
it_00416,"Ugh. Payment error when placing order, card is fine This is the second time.",2026-09-02T03:37:59+00:00,card_declined
it_00417,i was charged twice for my annual subscription this month this is the second time.,2026-09-02T03:41:44+00:00,double_charge
it_00418,help! login page refreshes endlessly on my iphone 15 please help!,2026-09-02T03:41:52+00:00,login_loop
it_00419,help! got charged $9.99 twice today for a single order,2026-09-02T03:43:25+00:00,double_charge
it_00420,"hello, double charge on my card for $12.99, please refund one of them very frustratnig.",2026-09-02T03:43:26+00:00,double_charge
it_00421,"Hye team, Login page refreshes endlessly on my iPhone 15",2026-09-02T03:43:54+00:00,login_loop
it_00422,Login page refreshes endlessly on my Pixel 8 This is the second time.,2026-09-02T03:47:16+00:00,login_loop
it_00423,"hello, can't stay signed in, it asks me to log in again constnatly this is the second time.",2026-09-02T03:47:50+00:00,login_loop
it_00424,Checkout says payment declined ofr my $49 order Very frustrating.,2026-09-02T03:48:30+00:00,card_declined
it_00425,"milk was not in the delivery, please refund",2026-09-02T03:51:38+00:00,missing_items
it_00426,I was charged twice for my annual subscription this month Please help!,2026-09-02T03:53:48+00:00,double_charge
it_00427,"Hey team, I enter my password and it sends me right back to the sign in screen",2026-09-02T03:54:43+00:00,login_loop
it_00428,"help! order was supposed to arrive at noon, came an hour late thanks.",2026-09-02T03:56:03+00:00,late_delivery
it_00429,Valid card rejected repeatedly by your payment page Any update?,2026-09-02T03:57:03+00:00,card_declined
it_00430,urgent: every time i open the app i'm signed out again very frustrating.,2026-09-02T03:57:45+00:00,login_loop
it_00431,Ugh. The app keeps logging me out every few minutes on my Galaxy S23 Very frustrating.,2026-09-02T04:00:02+00:00,login_loop
it_00432,"Hello, Why does every order from GreenLeaf show up 40 minutes late?",2026-09-02T04:04:19+00:00,late_delivery
it_00433,Delivery took an hour longer than the estimate Please hlep!,2026-09-02T04:08:12+00:00,late_delivery
it_00434,Help! My card keeps getting declined but it works everywhere else This is the second time.,2026-09-02T04:10:44+00:00,card_declined
it_00435,My bank shows two identical payments of $9.99 from you Any update?,2026-09-02T04:13:23+00:00,double_charge
it_00436,the app keeps logging me out every few minutes on my oneplus 12 fix this please.,2026-09-02T04:13:50+00:00,login_loop
it_00437,URGENT: Apple Pay fails veery time I try to pay Any update?,2026-09-02T04:16:04+00:00,card_declined
it_00438,URGENT: The app keeps logging me out every few minutes on my iPad This is the second time.,2026-09-02T04:16:10+00:00,login_loop
it_00439,Bag arrived without the sauce even though I paid for it Please help!,2026-09-02T04:20:11+00:00,missing_items
it_00440,"Hello, Can't add my credit card, it says payment method invalid",2026-09-02T04:20:37+00:00,card_declined
it_00441,"Hey team, Payment went through twice and I only placed one order Thanks.",2026-09-02T04:20:47+00:00,double_charge
it_00442,"Hi, pAple Pay fails every time I try to pay",2026-09-02T04:22:44+00:00,card_declined
it_00443,After the latest update the app won't keep me logged in This is the second time.,2026-09-02T04:24:28+00:00,login_loop
it_00444,"Hi, Delivery took 40 minutes longer than the estimate Fix this please.",2026-09-02T04:24:45+00:00,late_delivery
it_00445,can i rate individual dishes? very frustrating.,2026-09-02T04:25:11+00:00,noise
it_00446,"help! can't add my credit card, it says payment method invalid fix this please.",2026-09-02T04:25:14+00:00,card_declined
it_00447,"hello, checkout says payment declined for my $9.99 order please help!",2026-09-02T04:25:45+00:00,card_declined
it_00448,Every time I open the app I'm signed out again Thanks.,2026-09-02T04:28:26+00:00,login_loop
it_00449,"Hi, My card keeps getting declined but it works everywhere else",2026-09-02T04:30:11+00:00,card_declined
it_00450,"Hello, I enter my password and it sensd me right back to the sign in screen Fix this please.",2026-09-02T04:38:39+00:00,login_loop
it_00451,"help! can't add my credit card, it says payment method invalid very frustrating.",2026-09-02T04:40:02+00:00,card_declined
it_00452,URGENT: Payment failed with error code 402 on a valid card Any update?,2026-09-02T04:40:51+00:00,card_declined
it_00453,urgent: valid card rejected repeatedly by your payment page,2026-09-02T04:42:12+00:00,card_declined
it_00454,i enter my password and it sends me right back to the sgin in screen please help!,2026-09-02T04:45:22+00:00,login_loop
it_00455,Help! Payment went through twice and I only placed one order,2026-09-02T04:46:12+00:00,double_charge
it_00456,"Hello, Card declined at checkout even with enough balance Very frustrating.",2026-09-02T04:48:49+00:00,card_declined
it_00457,Card declined at checkout even with enough balance Please help!,2026-09-02T04:51:03+00:00,card_declined
it_00458,"Hey team, Every time I open the app I'm signed out again Thanks.",2026-09-02T04:52:18+00:00,login_loop
it_00459,"payment error when placing order, card is fine very frustrating.",2026-09-02T04:53:53+00:00,card_declined
it_00460,Help! Payment failed with error code 402 on a valid card Very frustrating.,2026-09-02T04:55:40+00:00,card_declined
it_00461,"Can't add my credit card, it says payment method invalid Please help!",2026-09-02T05:01:18+00:00,card_declined
it_00462,ugh. my card keeps getting declined but it works everywhere else any update?,2026-09-02T05:03:43+00:00,card_declined
it_00463,"hey team, i enter my password and it sends me right back to the sign in screen very frustrating.",2026-09-02T05:03:50+00:00,login_loop
it_00464,"Hello, I enter my password and it sends me right back to the sign in screen This is the escond time.",2026-09-02T05:05:36+00:00,login_loop
it_00465,Help! I enter my password and it sends me right back to the sign in screen,2026-09-02T05:07:19+00:00,login_loop
it_00466,"Hey team, Checkout says paymnet declined for my $9.99 order Any update?",2026-09-02T05:08:25+00:00,card_declined
it_00467,"ugh. payment error when placing order, card is fine thanks.",2026-09-02T05:13:49+00:00,card_declined
it_00468,"URGENT: Pyament error when placing order, card is fine Thanks.",2026-09-02T05:14:04+00:00,card_declined
it_00469,"Hello, Apple Pay fails every time I try to pay Very frustrating.",2026-09-02T05:14:50+00:00,card_declined
it_00470,Login page refreshes endlessly on my OnePlus 12 Any update?,2026-09-02T05:15:09+00:00,login_loop
it_00471,Help! After iOS 18 the app won't keep me logged in Thanks.,2026-09-02T05:15:25+00:00,login_loop
it_00472,"Hello, Valid card rejected repeatedly by your payment page Thanks.",2026-09-02T05:15:40+00:00,card_declined
it_00473,"Hello, My bank shows two identical payments of $24.50 from you Thanks.",2026-09-02T05:16:15+00:00,double_charge
it_00474,"Hey team, Checkout says payment declined for my $12.99 order Any update?",2026-09-02T05:16:20+00:00,card_declined
it_00475,URGENT: The app keeps logging me out every few minutes on my iPhone 15 Thanks.,2026-09-02T05:16:37+00:00,login_loop
it_00476,login page refreshes endlessly on my oneplus 12,2026-09-02T05:19:55+00:00,login_loop
it_00477,Every time I open the app I'm signed out again Please help!,2026-09-02T05:23:27+00:00,login_loop
it_00478,Valid card rejected repeatedly by your payment page Thanks.,2026-09-02T05:24:48+00:00,card_declined
it_00479,Help! My order from the corner bakery arrived 90 minutes late Fix this please.,2026-09-02T05:26:50+00:00,late_delivery
it_00480,"Hello, Apple Pay fails every time I try to pay Very frustrating.",2026-09-02T05:28:50+00:00,card_declined
it_00481,Valid card rejected repeatedly by your payment page Any update?,2026-09-02T05:29:27+00:00,card_declined
it_00482,"Hello, My card keeps getting declined but it works everywhere else Any update?",2026-09-02T05:30:16+00:00,card_declined
it_00483,"ugh. can't add my credit card, it says payment method invalid please help!",2026-09-02T05:32:50+00:00,card_declined
it_00484,help! valid card rejected repeatedly by your payment page thanks.,2026-09-02T05:34:47+00:00,card_declined
it_00485,Help! Apple Pay fails every time I try to pay,2026-09-02T05:35:28+00:00,card_declined
it_00486,"Hi, Double charge on my card for $12.99, please refund one of them This is the secodn time.",2026-09-02T05:38:02+00:00,double_charge
it_00487,"Hello, Checkout says payment declined for my $31.20 order Please help!",2026-09-02T05:40:58+00:00,card_declined
it_00488,"Hi, The app keeps logging me out every few minutes on my Pixel 8",2026-09-02T05:42:05+00:00,login_loop
it_00489,help! payment failed with error code 402 on a valid card very frustrating.,2026-09-02T05:44:55+00:00,card_declined
it_00490,card declined at checkout even with enough balance,2026-09-02T05:48:01+00:00,card_declined
it_00491,Card declined at checkout even with enough balance Thanks.,2026-09-02T05:51:04+00:00,card_declined
it_00492,"Can't stay signed in, it asks me to log in again constantly Thanks.",2026-09-02T05:56:23+00:00,login_loop
it_00493,URGENT: Apple Pay fails every time I try to pay Very frustrating.,2026-09-02T05:56:39+00:00,card_declined
it_00494,"Hello, I enter my password and it sends me right back to the sign in screen",2026-09-02T06:04:10+00:00,login_loop
it_00495,"Hey team, Payment failed with erorr code 402 on a valid card This is the second time.",2026-09-02T06:10:54+00:00,card_declined
it_00496,help! my card keeps getting declined but it works everywhere else any update?,2026-09-02T06:12:48+00:00,card_declined
it_00497,"Hey team, Login page refreshes endlessly on my OnePlus 12",2026-09-02T06:14:40+00:00,login_loop
it_00498,checkout says payment declined for my $31.20 order this is the second time.,2026-09-02T06:15:41+00:00,card_declined
it_00499,"Hello, They forgot the dessert again in my order Thanks.",2026-09-02T06:16:49+00:00,missing_items
it_00500,My order from Pziza Palace was missing the dessert Thanks.,2026-09-02T06:17:35+00:00,missing_items
it_00501,"Hi, Can't add my credit card, it says payment method invalid Please help!",2026-09-02T06:18:06+00:00,card_declined
it_00502,My card keeps getting declined but it works everywhere else Thanks.,2026-09-02T06:19:53+00:00,card_declined
it_00503,"Ugh. Can't stay signed in, it asks me to log in again constantly Fix this please.",2026-09-02T06:21:00+00:00,login_loop
it_00504,"help! extremely late delivery again, 45 minutes behind schedule fix this please.",2026-09-02T06:24:11+00:00,late_delivery
it_00505,they forgot the dessert again in my order thanks.,2026-09-02T06:26:04+00:00,missing_items
it_00506,"hi, i enter my password and it sends me right back to the sign in screen very frustrating.",2026-09-02T06:26:45+00:00,login_loop
it_00507,Help! Login page refreshes endlessly on my Galaxy S23 Please help!,2026-09-02T06:28:03+00:00,login_loop
it_00508,"hi, stuck in a login loop after updating to ios 18 please help!",2026-09-02T06:29:44+00:00,login_loop
it_00509,Help! Apple Pay fails every time I try to pay Fix this please.,2026-09-02T06:30:01+00:00,card_declined
it_00510,Help! I was charged twice for my Premium subscription this month Very frustrating.,2026-09-02T06:36:48+00:00,double_charge
it_00511,ugh. payment failed with error code 402 on a valid card thanks.,2026-09-02T06:38:13+00:00,card_declined
it_00512,"hi, valdi card rejected repeatedly by your payment page thanks.",2026-09-02T06:39:47+00:00,card_declined
it_00513,"Hi, Stuck in a login loop after updating to the latest update Fix this please.",2026-09-02T06:40:07+00:00,login_loop
it_00514,URGENT: My card keeps gteting declined but it works everywhere else Please help!,2026-09-02T06:41:05+00:00,card_declined
it_00515,Checkout says payment declined for my $9.99 order,2026-09-02T06:41:06+00:00,card_declined
it_00516,Help! My card keeps getting declined but it works everywhere else This is the second tiem.,2026-09-02T06:42:56+00:00,card_declined
it_00517,URGENT: Apple Pay fails every time I try to pay This is the second time.,2026-09-02T06:42:57+00:00,card_declined
it_00518,"Help! Can't add my credit card, it says payment method invalid This is the second time.",2026-09-02T06:45:17+00:00,card_declined
it_00519,"Hello, Apple Pay fails every time I try to pay Please help!",2026-09-02T06:45:27+00:00,card_declined
it_00520,URGENT: Sign in works then immediately kicks me back to the login screen,2026-09-02T06:46:17+00:00,login_loop
it_00521,help! i enter my password and it sends me right back to the sign in screen,2026-09-02T06:46:52+00:00,login_loop
it_00522,"Help! Paymnet error when placing order, card is fine",2026-09-02T06:48:08+00:00,card_declined
it_00523,Ugh. Card declined at checkout even with enough balance Very frustratnig.,2026-09-02T06:49:18+00:00,card_declined
it_00524,The ETA kept moving and my order showed up 40 minutes after it was promised Any update?,2026-09-02T06:53:51+00:00,late_delivery
it_00525,Help! Apple Pay falis every time I try to pay,2026-09-02T06:53:58+00:00,card_declined
it_00526,"Help! Can't add my credit card, it says payment metohd invalid",2026-09-02T07:00:26+00:00,card_declined
it_00527,"hey team, driver was an hour late and the food was cold",2026-09-02T07:04:04+00:00,late_delivery
it_00528,why are there duplicate charges on my statement for $12.99? very frustrating.,2026-09-02T07:05:36+00:00,double_charge
it_00529,"hello, paple pay fails every time i try to pay thanks.",2026-09-02T07:10:50+00:00,card_declined
it_00530,Checkout says payment declined for my $9.99 order,2026-09-02T07:14:35+00:00,card_declined
it_00531,"hi, payment failed with error code 402 on a valid card",2026-09-02T07:14:53+00:00,card_declined
it_00532,My order from FreshMart arrived an hour late Very frustrating.,2026-09-02T07:17:04+00:00,late_delivery
it_00533,Apple Pay fails every time I try to pay Please help!,2026-09-02T07:19:57+00:00,card_declined
it_00534,"hi, checkout says payment declined for my $31.20 order this is the second time.",2026-09-02T07:20:44+00:00,card_declined
it_00535,"can't add my credit card, it says payment method invalid",2026-09-02T07:22:56+00:00,card_declined
it_00536,Why are there duplicate charges on my statement for $9.99?,2026-09-02T07:27:04+00:00,double_charge
it_00537,you billed me two times for the same monthly renewal thanks.,2026-09-02T07:28:11+00:00,double_charge
it_00538,Payment failed with error code 402 on a valid card,2026-09-02T07:30:13+00:00,card_declined
it_00539,URGENT: Apple Pay fails every time I try to pay Thanks.,2026-09-02T07:32:39+00:00,card_declined
it_00540,"can't add my credit card, it says payment method invalid",2026-09-02T07:32:58+00:00,card_declined
it_00541,Ugh. Card declined at checkout even with enough ablance Fix this please.,2026-09-02T07:39:51+00:00,card_declined
it_00542,Got charged $24.50 twice today for a single order,2026-09-02T07:40:31+00:00,double_charge
it_00543,"Hi, Driver was 40 minutes late and the food was cold",2026-09-02T07:42:51+00:00,late_delivery
it_00544,URGENT: My bank shows two identical payments of $31.20 from you This is the second time.,2026-09-02T07:44:51+00:00,double_charge
it_00545,"Payment error when placing order, card is fine This is hte second time.",2026-09-02T07:47:44+00:00,card_declined
it_00546,"Hi, They forgot the salad again in my order Fix this please.",2026-09-02T07:48:25+00:00,missing_items
it_00547,Help! Your driver was condescending and rude This is the second time.,2026-09-02T07:48:48+00:00,driver_rude
it_00548,Card declined at checkout veen with enough balance This is the second time.,2026-09-02T07:48:49+00:00,card_declined
it_00549,Payment failed with error code 402 on a valid card This is the second time.,2026-09-02T07:52:17+00:00,card_declined
it_00550,apple pay fails every time i try to pay,2026-09-02T07:52:22+00:00,card_declined
it_00551,"hey team, you billed me two times for the same plus renewal thanks.",2026-09-02T07:52:22+00:00,double_charge
it_00552,urgent: every time i open the app i'm signed out again fix this please.,2026-09-02T08:03:26+00:00,login_loop
it_00553,"Hey team, Checkout says payment declined for my $24.50 roder",2026-09-02T08:04:14+00:00,card_declined
it_00554,Help! Every time I opne the app I'm signed out again,2026-09-02T08:06:55+00:00,login_loop
it_00555,URGENT: Valid card rejected repeatedly by your payment page,2026-09-02T08:08:08+00:00,card_declined
it_00556,"Hi, Valid card rejected repeatedly by your payment page Any update?",2026-09-02T08:22:29+00:00,card_declined
it_00557,"hello, can't stay signed in, it asks me to log in again constantly fix this please.",2026-09-02T08:23:36+00:00,login_loop
it_00558,"hey team, my card keeps getting declined but it works everywhere else fix this lpease.",2026-09-02T08:27:41+00:00,card_declined
it_00559,"hi, payment error when placing order, card is fine",2026-09-02T08:31:59+00:00,card_declined
it_00560,Ugh. Every time I open the app I'm signed out again Please help!,2026-09-02T08:32:16+00:00,login_loop
it_00561,Ugh. Waited 45 minutes past the delivery window for the corner bakery Any update?,2026-09-02T08:36:06+00:00,late_delivery
it_00562,Ugh. My card keeps getting declined but it works everywhere else Any update?,2026-09-02T08:37:47+00:00,card_declined
it_00563,Ugh. Valid card rejected repeatedly by your payment page Please help!,2026-09-02T08:37:49+00:00,card_declined
it_00564,"hi, card declined at checkout even with enough balance very frustrating.",2026-09-02T08:37:50+00:00,card_declined
it_00565,"Hi, Valid card rejected erpeatedly by your payment page Any update?",2026-09-02T08:37:59+00:00,card_declined
it_00566,"hey team, every time i open the app i'm signed out again any update?",2026-09-02T08:38:50+00:00,login_loop
it_00567,Ugh. My card keeps getting declined but it works everywhere else Fix this please.,2026-09-02T08:40:19+00:00,card_declined
it_00568,My card keeps getting declined but it works everywhere else This is the second time.,2026-09-02T08:42:36+00:00,card_declined
it_00569,"Hello, Payment error when placing order, card is fine This is hte second time.",2026-09-02T08:43:43+00:00,card_declined
it_00570,"Hello, Card declined at checkout even with enough balance",2026-09-02T08:46:34+00:00,card_declined
it_00571,ugh. checkout says payment declined for my $9.99 order any update?,2026-09-02T08:48:31+00:00,card_declined
it_00572,The app keeps logging me out every few minutes on my Galaxy S23 Very frustrating.,2026-09-02T08:55:50+00:00,login_loop
it_00573,Ugh. I was charged twice for my Plus subscription this month This is the second time.,2026-09-02T08:58:11+00:00,double_charge
it_00574,Card declined at checkout even with enough balance Very frustrating.,2026-09-02T09:00:42+00:00,card_declined
it_00575,"Hlelo, Apple Pay fails every time I try to pay",2026-09-02T09:05:51+00:00,card_declined
it_00576,"Help! Payment error when placing order, card is fine",2026-09-02T09:11:08+00:00,card_declined
it_00577,Help! I was charged twice for my annual subscription this month,2026-09-02T09:11:47+00:00,double_charge
it_00578,i neter my password and it sends me right back to the sign in screen,2026-09-02T09:19:56+00:00,login_loop
it_00579,Help! Driver was 40 minutes late and the food was cold Fix this please.,2026-09-02T09:20:15+00:00,late_delivery
it_00580,Waited two hours past the delivery window for Pizza Palace Very frustrating.,2026-09-02T09:21:48+00:00,late_delivery
it_00581,"Can't add my credit card, it says payment method invalid Thanks.",2026-09-02T09:33:23+00:00,card_declined
it_00582,I enter my password and it sends me right back to the sign in screen,2026-09-02T09:35:33+00:00,login_loop
it_00583,URGENT: Card declined at checkout even with enough balacne Any update?,2026-09-02T09:42:08+00:00,card_declined
it_00584,help! payment failed with error code 402 on a valid card,2026-09-02T09:45:18+00:00,card_declined
it_00585,"Hey team, Checkout says payment declined for my $49 order Very frustrating.",2026-09-02T09:48:26+00:00,card_declined
it_00586,"Help! You promised a refund in 3 days, it's been two weeks Very frustrating.",2026-09-02T09:53:52+00:00,refund_delay
it_00587,"Hi, After Android 15 hte app won't keep me logged in Fix this please.",2026-09-02T10:00:56+00:00,login_loop
it_00588,"Help! Can't add my credit card, it says payment method invalid Very frustrating.",2026-09-02T10:03:37+00:00,card_declined
it_00589,"URGENT: Payment error when placing order, card is fine Thanks.",2026-09-02T10:03:47+00:00,card_declined
it_00590,"Hello, Card declined at checkout even with enough balance Please help!",2026-09-02T10:06:09+00:00,card_declined
it_00591,Help! Apple Pay fails every time I try to pay,2026-09-02T10:06:15+00:00,card_declined
it_00592,"Hey team, Waited 40 minutes past the delivery window for FreshMart Thanks.",2026-09-02T10:07:48+00:00,late_delivery
it_00593,"Hi, Sign in works then immediately kicks me back to the login screen Thanks.",2026-09-02T10:10:51+00:00,login_loop
it_00594,URGENT: tSuck in a login loop after updating to iOS 18 Please help!,2026-09-02T10:12:19+00:00,login_loop
it_00595,"can't add my credit card, it says payment method invalid any update?",2026-09-02T10:17:14+00:00,card_declined
it_00596,URGENT: Apple Pay fials every time I try to pay,2026-09-02T10:21:50+00:00,card_declined
it_00597,"Hi, My order from the corner bakery arrived two hours late",2026-09-02T10:22:46+00:00,late_delivery
it_00598,"Can't stay signed in, ti asks me to log in again constantly",2026-09-02T10:25:31+00:00,login_loop
it_00599,"hello, payment error when placing order, card is fine any update?",2026-09-02T10:26:25+00:00,card_declined
it_00600,I enter my password and it sends me right back to the sign in screen,2026-09-02T10:27:42+00:00,login_loop
it_00601,Help! The app keeps logging me out every few minutes on my Pixel 8 This is the second time.,2026-09-02T10:28:01+00:00,login_loop
it_00602,Help! My card keeps getting declined but it works everywhere else,2026-09-02T10:28:18+00:00,card_declined
it_00603,Checkout says payment declined for my $24.50 order Thanks.,2026-09-02T10:28:39+00:00,card_declined
it_00604,"Hi, Paid for the salad but it never came in the bag Any update?",2026-09-02T10:32:19+00:00,missing_items
it_00605,Ugh. After version 7.2 the app won't keep me logged in Please help!,2026-09-02T10:32:25+00:00,login_loop
it_00606,"Ugh. Can't stay signed in, it asks me to log in again constantly",2026-09-02T10:32:30+00:00,login_loop
it_00607,"hey team, driver was 90 minutes late and the food was cold",2026-09-02T10:44:59+00:00,late_delivery
it_00608,"hi, payment failed with error code 402 on a valid card very frustrating.",2026-09-02T10:45:35+00:00,card_declined
it_00609,paid for the dessert but it never came in the bag fix this please.,2026-09-02T10:47:57+00:00,missing_items
it_00610,"Hey team, Apple Pay fails every time I try to pay Please help!",2026-09-02T10:48:51+00:00,card_declined
it_00611,"Hey team, Pamyent failed with error code 402 on a valid card Please help!",2026-09-02T10:49:57+00:00,card_declined
it_00612,"Hi, Valid card rejected repeatedly by your payment page Fix this please.",2026-09-02T10:51:57+00:00,card_declined
it_00613,help! my $31.20 refund still hasn't shown up on my card thanks.,2026-09-02T10:53:00+00:00,refund_delay
it_00614,"hi, payment error when placing order, card is fine this is the second time.",2026-09-02T10:53:30+00:00,card_declined
it_00615,Help! My order form Pizza Palace arrived 40 minutes late,2026-09-02T10:56:52+00:00,late_delivery
it_00616,Ugh. Apple Pay fails every time I try to pay Fix this please.,2026-09-02T11:01:36+00:00,card_declined
it_00617,Help! Login page refreshes endlessly on my Pixel 8 Please help!,2026-09-02T11:10:45+00:00,login_loop
it_00618,apple pay fails every time i try to pay please help!,2026-09-02T11:12:00+00:00,card_declined
it_00619,After Android 15 the app won't keep me logged in Thanks.,2026-09-02T11:12:40+00:00,login_loop
it_00620,"Payment error when placing ordre, card is fine",2026-09-02T11:13:47+00:00,card_declined
it_00621,URGENT: The app keeps logging me out every few minutes on my OnePlus 12,2026-09-02T11:14:42+00:00,login_loop
it_00622,"Payment error when placing order, card is fine Very frustrating.",2026-09-02T11:39:50+00:00,card_declined
it_00623,My card keeps getting declined but it works everywhere else Any update?,2026-09-02T11:41:10+00:00,card_declined
it_00624,Login page refreshes endlessly on my Galaxy S23 Fix this please.,2026-09-02T11:43:01+00:00,login_loop
it_00625,"Can't stay signed in, it asks me to log in again constantly Any update?",2026-09-02T11:44:26+00:00,login_loop
it_00626,"Hey team, Courier yelled at me because the building was hard to find",2026-09-02T11:50:46+00:00,driver_rude
it_00627,"hey team, delivery took 45 minutes longer than the esitmate this is the second time.",2026-09-02T11:52:11+00:00,late_delivery
it_00628,"hello, card declined at checkout even with enough balance",2026-09-02T11:54:24+00:00,card_declined
it_00629,"Hello, Checkout says payment declined for my $49 order Any update?",2026-09-02T11:56:57+00:00,card_declined
it_00630,URGENT: Sign in works then immediately kicks me back to the login screen,2026-09-02T11:58:25+00:00,login_loop
it_00631,"Hello, Payment error when placing order, card is fine This is the second time.",2026-09-02T12:09:38+00:00,card_declined
it_00632,"Hi, Order was supposed to arrive at noon, came an hour late Fix this please.",2026-09-02T12:11:20+00:00,late_delivery
it_00633,URGENT: My order from Sushi Go was missing half the order Very frustrating.,2026-09-02T12:19:23+00:00,missing_items
it_00634,"Hi, Order was supposed to arrive at noon, came 45 minutes late Thanks.",2026-09-02T12:22:51+00:00,late_delivery
it_00635,My card keeps getting declined but it works everywhere else Thanks.,2026-09-02T12:27:41+00:00,card_declined
it_00636,"Hello, The app keeps logging me out every few minutes on my iPhone 15",2026-09-02T12:34:31+00:00,login_loop
it_00637,The courier was aggressive when I asked about my drinks,2026-09-02T12:37:40+00:00,driver_rude
it_00638,After iOS 18 the app won't keep me logged in Very frustrating.,2026-09-02T12:40:28+00:00,login_loop
it_00639,URGENT: They forgot the dessert again in my order Very frustrating.,2026-09-02T12:43:53+00:00,missing_items
it_00640,Help! Delivery took two hours longer than the estimate Very frustrating.,2026-09-02T12:48:27+00:00,late_delivery
it_00641,"Hello, Bag arrived without the dessert even though I paid for it",2026-09-02T12:50:38+00:00,missing_items
it_00642,"Hello, Login page refreshes endlessly on my OnePlus 12",2026-09-02T12:52:08+00:00,login_loop
it_00643,"Hey team, Can't add my credit card, it says payment method invalid Any update?",2026-09-02T12:57:16+00:00,card_declined
it_00644,Ugh. Stuck in a login loop after updating to the latest update,2026-09-02T13:03:19+00:00,login_loop
it_00645,Checkout says payment declined for my $49 order Very frustrating.,2026-09-02T13:14:41+00:00,card_declined
it_00646,urgent: waited two hours past the delivery window for greenleaf,2026-09-02T13:21:45+00:00,late_delivery
it_00647,"Hey team, Evrey time I open the app I'm signed out again Any update?",2026-09-02T13:21:52+00:00,login_loop
it_00648,Ugh. How long does a refund take? Waiting on $24.50,2026-09-02T13:25:03+00:00,refund_delay
it_00649,"Hey team, the dessert was not in the delivery, please refund Fix this please.",2026-09-02T13:32:38+00:00,missing_items
it_00650,Ugh. Your driver was condescending and rude,2026-09-02T13:40:29+00:00,driver_rude
it_00651,Waited 45 imnutes past the delivery window for FreshMart Fix this please.,2026-09-02T13:44:37+00:00,late_delivery
it_00652,"Hello, Valid card rejected repeatedly by your payment page Very frustrating.",2026-09-02T13:44:38+00:00,card_declined
it_00653,Stuck in a login loop after updating to version 7.2 Very frustrating.,2026-09-02T13:59:47+00:00,login_loop
it_00654,"Hey team, Order was supposed to arrive at noon, came two hours late This is the second time.",2026-09-02T14:01:05+00:00,late_delivery
it_00655,I enter my password and it sends me irght back to the sign in screen,2026-09-02T14:15:03+00:00,login_loop
it_00656,I enter my password and it sends me right back to hte sign in screen,2026-09-02T14:17:16+00:00,login_loop
it_00657,After iOS 18 the app won't keep me logged in Any update?,2026-09-02T14:47:11+00:00,login_loop
it_00658,Ugh. Stuck in a login loop after updating to iOS 18,2026-09-02T14:55:57+00:00,login_loop
it_00659,"Hi, Paid for half the order but it never came in the bag Thanks.",2026-09-02T15:00:38+00:00,missing_items
it_00660,"help! extremely late delivery again, an hour behind cshedule this is the second time.",2026-09-02T15:01:12+00:00,late_delivery
it_00661,stuck in a login loop after updating to version 7.2 very frustrating.,2026-09-02T15:02:10+00:00,login_loop
it_00662,"Hi, Why does every order from the corner bakery show up 45 minutes late? Thanks.",2026-09-02T15:04:38+00:00,late_delivery
it_00663,"URGENT: Can't stay signed in, it asks me to log in again constantly Any update?",2026-09-02T15:12:04+00:00,login_loop
it_00664,"Hye team, Apple Pay fails every time I try to pay Very frustrating.",2026-09-02T15:15:22+00:00,card_declined
it_00665,"Help! Half my order was missing, no the salad at all",2026-09-02T15:30:58+00:00,missing_items
it_00666,ugh. i enter my password and it sends me right back to the sign in screen,2026-09-02T15:36:09+00:00,login_loop
it_00667,URGENT: My order from Sushi Go arrived 40 minutes late Very frustrating.,2026-09-02T15:39:45+00:00,late_delivery
it_00668,"Hey etam, Extremely late delivery again, 45 minutes behind schedule Thanks.",2026-09-02T15:43:34+00:00,late_delivery
it_00669,"Hello, Why does every order from GreenLeaf show up 40 minutes late?",2026-09-02T15:43:42+00:00,late_delivery
it_00670,"Hey team, Stuck in a login loop after updating to iOS 18",2026-09-02T15:46:14+00:00,login_loop
it_00671,"Hello, Can't stay signed in, it asks me to log in again constantly Please help!",2026-09-02T15:50:01+00:00,login_loop
it_00672,Bag arrived without the sauce even though I paid for it Very frustrating.,2026-09-02T15:59:43+00:00,missing_items
it_00673,Help! Every time I open the app I'm signed out again,2026-09-02T16:02:00+00:00,login_loop
it_00674,"Hey team, Sign in works then immediately kicks me back to the login screen",2026-09-02T16:03:38+00:00,login_loop
it_00675,"hi, after iso 18 the app won't keep me logged in fix this please.",2026-09-02T16:05:30+00:00,login_loop
it_00676,Waited 40 minutes past the delivery window for Sushi Go Please help!,2026-09-02T16:13:01+00:00,late_delivery
it_00677,refund status says processed but no money back please help!,2026-09-02T16:14:55+00:00,refund_delay
it_00678,"Hi, Can't stay signed in, it asks me to log in again constantly",2026-09-02T16:18:14+00:00,login_loop
it_00679,"ugh. order was supposed to arrive at noon, came two hours late",2026-09-02T16:29:34+00:00,late_delivery
it_00680,"Hi, After the latest update the app won't keep me logged in Fix this please.",2026-09-02T16:53:48+00:00,login_loop
it_00681,URGENT: Never got the refund for my cancelled order Any update?,2026-09-02T17:03:24+00:00,refund_delay
it_00682,Paid for the salad but it never came in the bag,2026-09-02T17:03:26+00:00,missing_items
it_00683,The courier was aggresisve when I asked about the sauce,2026-09-02T17:14:57+00:00,driver_rude
it_00684,Ugh. After version 7.2 the app won't keep me logged in Any update?,2026-09-02T17:17:39+00:00,login_loop
it_00685,URGENT: Why does every order from FreshMart show up 40 minutes late?,2026-09-02T17:26:22+00:00,late_delivery
it_00686,Help! Why does every order from Pizza Palace show up 45 minutes late? Fix this please.,2026-09-02T17:40:20+00:00,late_delivery
it_00687,My order from Sushi Go arrived 40 minutes late,2026-09-02T17:58:32+00:00,late_delivery
it_00688,URGENT: Delivery took two hours longer than the estimate Any update?,2026-09-02T18:00:36+00:00,late_delivery
it_00689,"Ugh. Half my order was missing, no my drinks at all Please help!",2026-09-02T18:00:38+00:00,missing_items
it_00690,help! i enter my password and it sends me right back to the sign in screen,2026-09-02T18:02:53+00:00,login_loop
it_00691,"Help! Order was supposed to arrive at noon, came 40 minutes late",2026-09-02T18:03:00+00:00,late_delivery
it_00692,"URGENT: Half my order was missing, no half the order at all Thanks.",2026-09-02T18:08:44+00:00,missing_items
it_00693,Help! How do I change my profile picture? This is the second time.,2026-09-02T18:25:43+00:00,noise
it_00694,"eHy team, Items missing from my Pizza Palace delivery: the dessert Thanks.",2026-09-02T18:31:31+00:00,missing_items
it_00695,Help! Bag arrived without my drinks evne though I paid for it,2026-09-02T18:34:15+00:00,missing_items
it_00696,URGENT: They forgot my drinks agani in my order,2026-09-02T18:38:19+00:00,missing_items
it_00697,Driver was 45 imnutes late and the food was cold Thanks.,2026-09-02T18:42:16+00:00,late_delivery
it_00698,Ugh. Bag arrived without the salad even though I paid for it This is the second time.,2026-09-02T18:49:21+00:00,missing_items
it_00699,Help! Waited two hours past the delivery window for Sushi Go Very frustrating.,2026-09-02T18:55:54+00:00,late_delivery
it_00700,"hey team, i enter my password and it sends me right back to the sign in screen very frustrating.",2026-09-02T19:00:11+00:00,login_loop
it_00701,Rude driver refused to come to my apartment door Any update?,2026-09-02T19:05:23+00:00,driver_rude
it_00702,"Hey team, The app keeps logging me out every few minutes on my iPhone 15",2026-09-02T19:12:14+00:00,login_loop
it_00703,Login page refreshes endlessly on my Galaxy S23,2026-09-02T19:14:32+00:00,login_loop
it_00704,"Hi, Every tmie I open the app I'm signed out again",2026-09-02T19:22:49+00:00,login_loop
it_00705,Received the order but my drinks was left out Very frustrating.,2026-09-02T19:45:02+00:00,missing_items
it_00706,URGENT: Stuck in a login loop after updating to Android 15,2026-09-02T19:59:42+00:00,login_loop
it_00707,"Hi, Every time I open the app I'm signed out again",2026-09-02T20:01:18+00:00,login_loop
it_00708,urgent: stuck in a login loop after updating to android 15 any update?,2026-09-02T20:15:05+00:00,login_loop
it_00709,"Can't stay signed in, it asks me to log in again constantly Any update?",2026-09-02T20:19:22+00:00,login_loop
it_00710,"Hello, Waited two hours past the delivery window for Pizza Palace Thanks.",2026-09-02T20:20:00+00:00,late_delivery
it_00711,Ugh. The ETA kept moving and my order showed up an hour after it was promised Very frustrating.,2026-09-02T20:20:37+00:00,late_delivery
it_00712,help! after the latest update the app won't keep me logged in,2026-09-02T20:23:59+00:00,login_loop
it_00713,Driver was 40 minutes late and the food was cold,2026-09-02T20:30:20+00:00,late_delivery
it_00714,Help! Delivery took 45 minutes longer than the estimate,2026-09-02T20:37:58+00:00,late_delivery
it_00715,urgent: after version 7.2 the app won't keep me logged in fix this please.,2026-09-02T20:41:24+00:00,login_loop
it_00716,"Hey team, I enter my password and it sends me right back to the sign in screen",2026-09-02T20:44:58+00:00,login_loop
it_00717,Ugh. Everything was lukewarm when it got here This is the second time.,2026-09-02T20:53:22+00:00,cold_food
it_00718,urgent: waited 45 minutes past the delivery window for freshmart,2026-09-02T20:58:16+00:00,late_delivery
it_00719,"the salad was not in hte delivery, please refund Thanks.",2026-09-02T21:05:44+00:00,missing_items
it_00720,"Hey team, Refund status says processed but no money back This is the second time.",2026-09-02T21:06:24+00:00,refund_delay
it_00721,"Hey team, Everything was lukewarm when it got here Very frustrating.",2026-09-02T21:20:25+00:00,cold_food
it_00722,How long does a refund take? Waiting on $49 Very frustrating.,2026-09-02T21:24:39+00:00,refund_delay
it_00723,"hi, can't stay signed in, it asks me to log in again constantly thanks.",2026-09-02T21:27:01+00:00,login_loop
it_00724,received the order but the sauce was left out please help!,2026-09-02T21:47:20+00:00,missing_items
it_00725,URGENT: Sign in works then immediately kicks me back to the login screen,2026-09-02T21:48:12+00:00,login_loop
it_00726,"Hi, Driver was rude on the phone and hung up on me Fix this please.",2026-09-02T21:56:51+00:00,driver_rude
it_00727,every time i open the app i'm signed out again very frustrating.,2026-09-02T22:00:31+00:00,login_loop
it_00728,"Hi, Paid for the sauce but it never came in the bag",2026-09-02T22:01:55+00:00,missing_items
it_00729,"hello, paid for the dessert but it never came in the bag very frustrating.",2026-09-02T22:02:53+00:00,missing_items
it_00730,Items missing from my Sushi Go delivery: the dessert Any update?,2026-09-02T22:08:52+00:00,missing_items
it_00731,"Hey team, Hot food arrived completely cold again This is the second time.",2026-09-02T22:30:22+00:00,cold_food
it_00732,URGENT: Stuck in a login loop after updating to version 7.2,2026-09-02T22:43:33+00:00,login_loop
it_00733,"Hello, Driver was an hour late and the food was cold Very frustrating.",2026-09-02T22:46:34+00:00,late_delivery
it_00734,"Hey team, Stuck in a login loop after updating to the latest update This is the secnod time.",2026-09-02T22:48:40+00:00,login_loop
it_00735,Received the order but my drinks was left out Very frustrating.,2026-09-02T23:05:47+00:00,missing_items
it_00736,"Hello, Everything was lukewarm when it got here Any update?",2026-09-02T23:21:44+00:00,cold_food
it_00737,my order from greenleaf was missing the salad very frustrating.,2026-09-02T23:35:03+00:00,missing_items
it_00738,"Hi, Bag arrived without the dessert even though I paid for it This is the second time.",2026-09-02T23:40:18+00:00,missing_items
it_00739,Help! Bag arrived without the dessert even though I paid for it,2026-09-02T23:46:22+00:00,missing_items
it_00740,"Extremely late delivery again, 45 minutes behind schedule",2026-09-02T23:52:18+00:00,late_delivery
it_00741,URGENT: Waited 90 minutes past the delivery window for Sushi Go This is the second time.,2026-09-02T23:57:28+00:00,late_delivery
it_00742,"Order was supposed to arrive at noon, came 45 minutes late",2026-09-02T23:59:13+00:00,late_delivery
it_00743,"hi, the app keeps logging me out every few minutes on my ipad",2026-09-03T00:00:27+00:00,login_loop
it_00744,Hlep! Items missing from my Sushi Go delivery: the sauce This is the second time.,2026-09-03T00:17:25+00:00,missing_items
it_00745,help! items missing from my greenleaf delivery: half the order,2026-09-03T00:17:57+00:00,missing_items
it_00746,"Half my order was missing, no the salad at all",2026-09-03T00:19:11+00:00,missing_items
it_00747,discount code welcome10 removes itself when i place the order this is the second time.,2026-09-03T00:21:00+00:00,promo_code
it_00748,promo code welcome10 says it's invalid at checkout,2026-09-03T00:21:24+00:00,promo_code
it_00749,After version 7.2 the app won't keep me logged in Very frustrating.,2026-09-03T00:21:44+00:00,login_loop
it_00750,The app keeps logging me out every few minutes on my iPad,2026-09-03T00:24:53+00:00,login_loop
it_00751,How long does a refund take? Waiting on $31.20 Very frustrating.,2026-09-03T00:28:14+00:00,refund_delay
it_00752,ugh. hot food arrived completely cold again any update?,2026-09-03T00:36:02+00:00,cold_food
it_00753,"Hello, Paid for the sauce but it never came in the bag Fix this please.",2026-09-03T00:36:20+00:00,missing_items
it_00754,My order from Sushi Go arrived two hours late,2026-09-03T00:36:38+00:00,late_delivery
it_00755,Help! Food from GreenLeaf arrived cold Please help!,2026-09-03T00:37:56+00:00,cold_food
it_00756,"Hi, The courier was aggresisve when I asked about the sauce Very frustrating.",2026-09-03T00:42:08+00:00,driver_rude
it_00757,URGENT: Received the order but the dessert was left out This is the second time.,2026-09-03T00:45:10+00:00,missing_items
it_00758,URGENT: Delivery took 45 minutes longer than the estimate,2026-09-03T00:45:31+00:00,late_delivery
it_00759,Ugh. The WELCOME10 discount isn't applying to my order Very frustrating.,2026-09-03T00:47:21+00:00,promo_code
it_00760,my order from pizza palace arrived 90 minutes late very frustrating.,2026-09-03T00:48:12+00:00,late_delivery
it_00761,"Hi, oHw do I become a driver?",2026-09-03T01:02:44+00:00,noise
it_00762,ugh. checkout ignores the welcome10 promo thanks.,2026-09-03T01:04:44+00:00,promo_code
it_00763,URGENT: Courier yelled at me because the building was hard to find Thanks.,2026-09-03T01:09:40+00:00,driver_rude
it_00764,"hello, why does every roder from freshmart show up 90 minutes late?",2026-09-03T01:12:42+00:00,late_delivery
it_00765,"Hey team, Order was supposed to arrive at noon, came 40 minutes late Any update?",2026-09-03T01:15:24+00:00,late_delivery
it_00766,"Hi, My order from FresMhart arrived 90 minutes late Very frustrating.",2026-09-03T01:15:31+00:00,late_delivery
it_00767,Uhg. Checkout ignores the WELCOME10 promo Fix this please.,2026-09-03T01:25:37+00:00,promo_code
it_00768,"milk was not in the delivery, please refund this is hte second time.",2026-09-03T01:26:18+00:00,missing_items
it_00769,"Hello, Why does every order from FreshMart show up 45 minutes late? This is the second time.",2026-09-03T01:31:23+00:00,late_delivery
it_00770,"Hello, Your email said use SAVE20 but the app says coed not valid Thanks.",2026-09-03T01:31:31+00:00,promo_code
it_00771,Help! Your email said use WELCOME10 but the app says code not valid,2026-09-03T01:47:11+00:00,promo_code
it_00772,urgent: received the order but the salad was left out fix this please.,2026-09-03T01:56:10+00:00,missing_items
it_00773,your driver was condescending and rude,2026-09-03T01:58:34+00:00,driver_rude
it_00774,"you promised a refund in 3 days, it's been two weeks this is the second time.",2026-09-03T01:59:12+00:00,refund_delay
it_00775,help! waited an hour past the delivery window for the corner bakery,2026-09-03T02:02:34+00:00,late_delivery
it_00776,"Hi, Your email said use SAVE20 but the app says code not valid Any update?",2026-09-03T02:05:38+00:00,promo_code
it_00777,Help! Coupon FREESHIP doesn't work even though it's not expired This is the second time.,2026-09-03T02:05:42+00:00,promo_code
it_00778,"Hey team, Half my order was missing, no milk at all Very frustrating.",2026-09-03T02:13:09+00:00,missing_items
it_00779,"Hi, Waited an huor past the delivery window for FreshMart Please help!",2026-09-03T02:15:01+00:00,late_delivery
it_00780,"ugh. half my order was missing, no my drinks at all very frustrating.",2026-09-03T02:17:57+00:00,missing_items
it_00781,URGENT: My order from the corner bakery arrived 45 minutes late,2026-09-03T02:18:07+00:00,late_delivery
it_00782,Help! Food from FreshMart arrived cold This is the second time.,2026-09-03T02:21:22+00:00,cold_food
it_00783,The FREESHIP discount isn't applying to my order Fix this please.,2026-09-03T02:21:43+00:00,promo_code
it_00784,"Extremely late delivery again, 90 minutes behind schedule",2026-09-03T02:24:16+00:00,late_delivery
it_00785,"Hello, Order was supposed to arrive at noon, came 90 minutes late This is the second time.",2026-09-03T02:44:47+00:00,late_delivery
it_00786,Items missing from my GreenLeaf delivery: the salad Any update?,2026-09-03T02:45:06+00:00,missing_items
it_00787,"urgent: food temperature was terrible, all cold",2026-09-03T02:52:33+00:00,cold_food
it_00788,Ugh. Items missing from my FreshMart delivery: my drinks,2026-09-03T03:01:06+00:00,missing_items
it_00789,"Hello, Half my order was missing, no my drinks at all",2026-09-03T03:02:33+00:00,missing_items
it_00790,"Hey team, Can't stay signed in, it asks me to log in again constantly",2026-09-03T03:03:42+00:00,login_loop
it_00791,"Food temperature was terrible, all cold Any update?",2026-09-03T03:04:59+00:00,cold_food
it_00792,"Hi, Checkout ignores the FALL25 promo Please help!",2026-09-03T03:05:25+00:00,promo_code
it_00793,"Hi, My order from GreenLeaf arrived 45 minutes late This is the second time.",2026-09-03T03:06:28+00:00,late_delivery
it_00794,"Hello, Why does every order from Pizza Palace show up 40 minutes late?",2026-09-03T03:07:46+00:00,late_delivery
it_00795,Checkout ginores the FREESHIP promo Thanks.,2026-09-03T03:09:17+00:00,promo_code
it_00796,Checkout ignores the FALL25 promo Very frustrating.,2026-09-03T03:10:42+00:00,promo_code
it_00797,"hi, checkout ignores the welcome10 promo this is the second time.",2026-09-03T03:11:22+00:00,promo_code
it_00798,Discount code WELCOME10 removse itself when I place the order,2026-09-03T03:30:24+00:00,promo_code
it_00799,"Ugh. Order was supposed to arrive at noon, came an hour late Thanks.",2026-09-03T03:31:57+00:00,late_delivery
it_00800,URGENT: Discount code FREESHIP removes itself when I place the order Fix this please.,2026-09-03T03:32:15+00:00,promo_code
it_00801,where is my refund? it's been 10 days tahnks.,2026-09-03T03:33:26+00:00,refund_delay
it_00802,Tried FALL25 three times and it keeps getting rejected,2026-09-03T03:44:19+00:00,promo_code
it_00803,"hey team, promo code fall25 says it's invalid at checkout fix this please.",2026-09-03T03:44:47+00:00,promo_code
it_00804,Paid for half the order but it never came in the bag Very frustrating.,2026-09-03T03:46:45+00:00,missing_items
it_00805,Items missing from my Sushi Go delivery: the salad,2026-09-03T03:49:37+00:00,missing_items
it_00806,"Help! the dessert was not in the delivery, please refund",2026-09-03T03:50:46+00:00,missing_items
it_00807,the freeship discount isn't applying to my order thanks.,2026-09-03T03:53:26+00:00,promo_code
it_00808,"Half my order was missing, no the sauce at all",2026-09-03T03:53:41+00:00,missing_items
it_00809,Ugh. Discount code SAVE20 removes itself when I place the order,2026-09-03T03:57:44+00:00,promo_code
it_00810,"hello, checkout ignores the welcome10 promo this is teh second time.",2026-09-03T04:00:21+00:00,promo_code
it_00811,Waited 45 minutes past the delivery window for FreshMart Fix this please.,2026-09-03T04:01:15+00:00,late_delivery
it_00812,urgent: they forgot milk again in my order,2026-09-03T04:05:54+00:00,missing_items
it_00813,The courier was aggressive when I asked about my drinks,2026-09-03T04:08:44+00:00,driver_rude
it_00814,help! tried fall25 three times and it keeps getting rejected,2026-09-03T04:09:54+00:00,promo_code
it_00815,tried welcome10 three times and it keeps getting rejected please help!,2026-09-03T04:10:15+00:00,promo_code
it_00816,"Hello, Checkout ignores the FREESHIP promo This is the second time.",2026-09-03T04:17:40+00:00,promo_code
it_00817,Ugh. Why won't FREESHIP apply to my cart? Any update?,2026-09-03T04:18:28+00:00,promo_code
it_00818,Received the order but the dessert was left out,2026-09-03T04:18:28+00:00,missing_items
it_00819,"Hey team, Tried WELCOME10 three times and it keeps getting rejected",2026-09-03T04:18:50+00:00,promo_code
it_00820,"Hi, milk was not in the delivery, please refund Please help!",2026-09-03T04:20:39+00:00,missing_items
it_00821,discount code save20 removes itself when i lpace the order very frustrating.,2026-09-03T04:21:06+00:00,promo_code
it_00822,Discount code SAVE20 removes itself when I place the order,2026-09-03T04:25:14+00:00,promo_code
it_00823,items missing from my sushi go delivery: the sauce very frustrating.,2026-09-03T04:25:54+00:00,missing_items
it_00824,coupon freeship doesn't work even though it's not expired any update?,2026-09-03T04:27:21+00:00,promo_code
it_00825,"hello, food temperature was terrible, all cold",2026-09-03T04:27:49+00:00,cold_food
it_00826,"Hey team, Delivery person was disrespectful and threw the bag Fix this please.",2026-09-03T04:33:04+00:00,driver_rude
it_00827,"Hey team, My pizza was ice cold on arrival Very frustrating.",2026-09-03T04:40:54+00:00,cold_food
it_00828,"hi, extremely late delivery again, 90 minutes behind schedule fix this please.",2026-09-03T04:42:21+00:00,late_delivery
it_00829,urgent: tried asve20 three times and it keeps getting rejected any update?,2026-09-03T04:43:12+00:00,promo_code
it_00830,Where is oyur company headquartered? Thanks.,2026-09-03T04:49:38+00:00,noise
it_00831,"Hi, Tried WELCOME10 there times and it keeps getting rejected Fix this please.",2026-09-03T04:51:52+00:00,promo_code
it_00832,URGENT: Discount code SAVE20 removes itself when I place the order,2026-09-03T04:56:18+00:00,promo_code
it_00833,"Half my order was missing, no the sauce at all",2026-09-03T04:56:48+00:00,missing_items
it_00834,"Hey team, My order from the corner bakery was missing milk Any update?",2026-09-03T05:00:42+00:00,missing_items
it_00835,Help! Promo code SAVE20 says it's invalid at checkout Please help!,2026-09-03T05:02:38+00:00,promo_code
it_00836,"half the order was not in the delivery, please refund Very frustrating.",2026-09-03T05:02:55+00:00,missing_items
it_00837,Help! oCupon WELCOME10 doesn't work even though it's not expired,2026-09-03T05:05:42+00:00,promo_code
it_00838,"Hey team, Discount code WELCOME10 removes itself when I place the order This is the second time.",2026-09-03T05:05:49+00:00,promo_code
it_00839,"Half my order was missing, no the salad at all Fix this please.",2026-09-03T05:10:23+00:00,missing_items
it_00840,where is my refund? it's been 10 days,2026-09-03T05:14:10+00:00,refund_delay
it_00841,Help! My $49 refund still hasn't shown up on my card Any update?,2026-09-03T05:18:12+00:00,refund_delay
it_00842,"Hey team, Your email said use SAVE20 but the app says code not valid Any update?",2026-09-03T05:19:35+00:00,promo_code
it_00843,Promo code SAVE20 says it's invalid at checkout Fix this please.,2026-09-03T05:29:33+00:00,promo_code
it_00844,"Hi, They forgot my drinks again in my order Thanks.",2026-09-03T05:29:36+00:00,missing_items
it_00845,"Hey team, Waited two hours past the delivery window for Pizza Palace",2026-09-03T05:34:05+00:00,late_delivery
it_00846,help! the fall25 discount isn't applying to my order any update?,2026-09-03T05:38:18+00:00,promo_code
it_00847,"hey team, the eta kept moving and my order showed up an hour after it was promised thanks.",2026-09-03T05:38:39+00:00,late_delivery
it_00848,"Hello, You prmoised a refund in 3 days, it's been two weeks Thanks.",2026-09-03T05:41:42+00:00,refund_delay
it_00849,the soup was cold and the fries were soggy this is the second time.,2026-09-03T05:49:09+00:00,cold_food
it_00850,"Hello, Coupon SAVE20 doesn't work even though it's not expired Very frustrating.",2026-09-03T05:52:51+00:00,promo_code
it_00851,Ugh. The FREESHIP discount isn't applying to my order,2026-09-03T05:52:59+00:00,promo_code
it_00852,"hi, your email said use welcome10 but the app says code not valid",2026-09-03T05:55:58+00:00,promo_code
it_00853,"Hello, Still waiting on my refund of $9.99 from two weeks ago Very frustrating.",2026-09-03T05:56:12+00:00,refund_delay
it_00854,Tried FREESHIP three times and it keeps getting rejected Please help!,2026-09-03T05:57:39+00:00,promo_code
it_00855,"Hello, Your email said use FREESHIP but the app says code not valid",2026-09-03T05:58:10+00:00,promo_code
it_00856,Help! My order from Pizza Palace arrived two hours late Please help!,2026-09-03T06:05:07+00:00,late_delivery
it_00857,items missing from my freshmart delivery: milk,2026-09-03T06:06:45+00:00,missing_items
it_00858,Driver was 90 minutes late and the food was cold,2026-09-03T06:08:07+00:00,late_delivery
it_00859,Help! Promo code SAVE20 says it's invalid at checkout,2026-09-03T06:11:57+00:00,promo_code
it_00860,Ugh. Why won't FALL25 apply to my cart? Very frustrating.,2026-09-03T06:12:07+00:00,promo_code
it_00861,Checkout ignores the FALL25 promo Thanks.,2026-09-03T06:15:23+00:00,promo_code
it_00862,"Hi, How long does a refund take? aWiting on $49 Fix this please.",2026-09-03T06:16:57+00:00,refund_delay
it_00863,"Hey team, Hot food arrived completely cold again This is the second time.",2026-09-03T06:18:19+00:00,cold_food
it_00864,Discount code FALL25 removes itself when I place the order Any update?,2026-09-03T06:18:55+00:00,promo_code
it_00865,"Hi, Order was supposed to arrive at noon, came 90 minutes late",2026-09-03T06:18:58+00:00,late_delivery
it_00866,ugh. discount code freeship removes itself when i place the order any update?,2026-09-03T06:19:52+00:00,promo_code
it_00867,"Hi, Hot food arrived completely cold again Fix this please.",2026-09-03T06:21:35+00:00,cold_food
it_00868,Ugh. Your email said use WELCOME10 but the app says code not valid Thanks.,2026-09-03T06:21:40+00:00,promo_code
it_00869,"ugh. extremely late delivery again, 40 minutes behind schedule",2026-09-03T06:30:03+00:00,late_delivery
it_00870,"Hi, Refund status says processed but no money back",2026-09-03T06:30:08+00:00,refund_delay
it_00871,URGENT: Why won't WELCOME10 apply to my cart? Please help!,2026-09-03T06:30:20+00:00,promo_code
it_00872,URGENT: Checkout ignores the WELCOME10 promo,2026-09-03T06:30:49+00:00,promo_code
it_00873,Help! Why won't SAVE20 apply to my cart? Very frustrating.,2026-09-03T06:34:48+00:00,promo_code
it_00874,Coupon SAVE20 doesn't work even though it's not expired Any update?,2026-09-03T06:37:10+00:00,promo_code
it_00875,Ugh. Still waiting on my refund of $49 from two weeks ago,2026-09-03T06:37:23+00:00,refund_delay
it_00876,discount code welcome10 removes itself when i place teh order,2026-09-03T06:37:30+00:00,promo_code
it_00877,Ugh. Where is my refund? It's been 10 days,2026-09-03T06:39:03+00:00,refund_delay
it_00878,Help! Never got the refund for my cancelled order,2026-09-03T06:41:02+00:00,refund_delay
it_00879,Ugh. Delivery took 45 minutes longer than the estimate Any update?,2026-09-03T06:46:08+00:00,late_delivery
it_00880,"ugh. half my order was missing, no the dessert at all thanks.",2026-09-03T06:47:48+00:00,missing_items
it_00881,help! my order from pizza palace arrived 40 minutes late any update?,2026-09-03T06:49:15+00:00,late_delivery
it_00882,Help! The FREESHIP discount isn't applying to my order Please help!,2026-09-03T06:54:55+00:00,promo_code
it_00883,Ugh. Coupon FREESHIP doesn't work even though it's not expired This is the second time.,2026-09-03T06:55:43+00:00,promo_code
it_00884,Help! Promo code FALL25 says it's invalid at checkout Thanks.,2026-09-03T06:56:11+00:00,promo_code
it_00885,Ugh. Why won't SAVE20 apply to my cart?,2026-09-03T07:00:27+00:00,promo_code
it_00886,URGENT: Would love a group oredring feature for the office Thanks.,2026-09-03T07:03:04+00:00,noise
it_00887,my order from freshmart arrived 45 minutes late fix this please.,2026-09-03T07:07:17+00:00,late_delivery
it_00888,your email said use welcome10 but the app says code not valid,2026-09-03T07:16:26+00:00,promo_code
it_00889,"Hey team, Your email said use FREESHIP but the app syas code not valid Thanks.",2026-09-03T07:23:45+00:00,promo_code
it_00890,Help! Coupon WELCOME10 doesn't work even though it's not expired Thanks.,2026-09-03T07:24:35+00:00,promo_code
it_00891,"Hello, The ETA kept moving and my order showed up an hour after it was promised",2026-09-03T07:26:54+00:00,late_delivery
it_00892,Help! Driver was 90 minutes late and the food was cold This is the second time.,2026-09-03T07:34:02+00:00,late_delivery
it_00893,URGENT: Waited an hour past the delivery window for GreenLeaf Please help!,2026-09-03T07:35:42+00:00,late_delivery
it_00894,"Hi, Received the order but the dessert was left out",2026-09-03T07:46:48+00:00,missing_items
it_00895,"hello, checkout ignores the save20 promo please help!",2026-09-03T07:52:49+00:00,promo_code
it_00896,"Hello, Received the order but my drinks was left out",2026-09-03T07:55:22+00:00,missing_items
it_00897,Why does every order from Sushi Go show up 45 minutes late?,2026-09-03T07:57:56+00:00,late_delivery
it_00898,urgent: why won't save20 apply to my cart?,2026-09-03T08:08:58+00:00,promo_code
it_00899,ugh. the save20 discount isn't applying to my order,2026-09-03T08:09:19+00:00,promo_code
it_00900,"Hello, Checkout ignores the FALL25 promo Please help!",2026-09-03T08:10:53+00:00,promo_code
it_00901,"hey team, discount code welcome10 removes itself when i place the order",2026-09-03T08:11:05+00:00,promo_code
it_00902,Ugh. Discount code WELCOME10 removes itself when I place the order,2026-09-03T08:15:44+00:00,promo_code
it_00903,Help! The WELCOME10 discount isn't applying to my order,2026-09-03T08:16:32+00:00,promo_code
it_00904,Items missing from my Sushi Go delivery: my drinks,2026-09-03T08:17:35+00:00,missing_items
it_00905,"hi, tried save20 three times and it keeps getting rejected fix this please.",2026-09-03T08:18:04+00:00,promo_code
it_00906,"Hey team, Waited 45 minutes past the delivery widnow for Sushi Go This is the second time.",2026-09-03T08:18:16+00:00,late_delivery
it_00907,Your email said use FALL25 but the app says code not valid Thanks.,2026-09-03T08:21:26+00:00,promo_code
it_00908,"Hello, Never got the refund for my cancelled order Fix this please.",2026-09-03T08:24:15+00:00,refund_delay
it_00909,"Hi, Hafl my order was missing, no my drinks at all Any update?",2026-09-03T08:25:55+00:00,missing_items
it_00910,Help! Tried WELCOME10 three times and it keeps getting rejected,2026-09-03T08:28:12+00:00,promo_code
it_00911,"hi, half the order was not in the delivery, please refund",2026-09-03T08:28:36+00:00,missing_items
it_00912,"Hello, The soup was cold and the fries were soggy Please help!",2026-09-03T08:30:56+00:00,cold_food
it_00913,Ugh. They forgot the dessert again in my order Very frustrating.,2026-09-03T08:31:09+00:00,missing_items
it_00914,Tried FREESHIP three times and it keeps getting rejected Please help!,2026-09-03T08:33:40+00:00,promo_code
it_00915,"Hi, Dirver was rude on the phone and hung up on me",2026-09-03T08:37:39+00:00,driver_rude
it_00916,Your email said use WELCOME10 but the app says code not valid Fix this please.,2026-09-03T08:39:26+00:00,promo_code
it_00917,"Hey team, Tried SAVE20 three times and it keeps getting rejected Very frustrating.",2026-09-03T08:43:34+00:00,promo_code
it_00918,"Very unprofessional driver, swore at me Any update?",2026-09-03T08:51:36+00:00,driver_rude
it_00919,Why won't FALL25 apply to my cart?,2026-09-03T08:53:10+00:00,promo_code
it_00920,"Hey team, Never got the refund for my cancelled order",2026-09-03T08:55:36+00:00,refund_delay
it_00921,Why won't WELCOME10 apply to my cart? Very frustrating.,2026-09-03T08:57:08+00:00,promo_code
it_00922,Why won't FALL25 apply to my cart?,2026-09-03T08:57:19+00:00,promo_code
it_00923,Discount coed FALL25 removes itself when I place the order Any update?,2026-09-03T09:02:02+00:00,promo_code
it_00924,Help! The FALL25 discount isn't applying to my order Fix this please.,2026-09-03T09:02:14+00:00,promo_code
it_00925,"Help! Food temperature was terrible, all cold This is the second time.",2026-09-03T09:09:00+00:00,cold_food
it_00926,"Hello, Discount code FALL25 removes itself when I place the order Thanks.",2026-09-03T09:09:25+00:00,promo_code
it_00927,Driver was rude on the phone and hung up on me Fix this please.,2026-09-03T09:11:21+00:00,driver_rude
it_00928,ugh. driver was rude on the phone and hung up on me,2026-09-03T09:11:21+00:00,driver_rude
it_00929,"hey team, your email said use welcome10 but the app says code not valid any update?",2026-09-03T09:12:58+00:00,promo_code
it_00930,"hey team, checkout ignores the fall25 promo this is the second time.",2026-09-03T09:13:52+00:00,promo_code
it_00931,"Hi, The SAVE20 discount isn't applying to my order",2026-09-03T09:15:13+00:00,promo_code
it_00932,Ugh. Waited 40 minutes past the delivery window for Sushi Go This is the second time.,2026-09-03T09:15:31+00:00,late_delivery
it_00933,Ugh. Discount code FALL25 removes itself when I lpace the order Thanks.,2026-09-03T09:17:08+00:00,promo_code
it_00934,Discount code FREESHIP removes itself when I place the order,2026-09-03T09:18:11+00:00,promo_code
it_00935,"hey team, discount code fall25 removes itself when i place the order this is the second time.",2026-09-03T09:19:03+00:00,promo_code
it_00936,"Hello, Courier yelled at me because the building was hard to find Fix this please.",2026-09-03T09:22:36+00:00,driver_rude
it_00937,URGENT: Tried FALL25 three times and it keeps getting rejected Very frustrating.,2026-09-03T09:26:27+00:00,promo_code
it_00938,"Hi, Courier yelled at me because the building was hard to find",2026-09-03T09:31:49+00:00,driver_rude
it_00939,the freeship discount isn't applying to my odrer please help!,2026-09-03T09:36:32+00:00,promo_code
it_00940,Why won't FALL25 apply to my cart? Very frustrating.,2026-09-03T09:37:35+00:00,promo_code
it_00941,"Hey team, Promo code SAVE20 says it's invalid at checkout Thanks.",2026-09-03T09:40:51+00:00,promo_code
it_00942,Your email said use SAVE20 but the app says code not valid Very frustrating.,2026-09-03T09:43:43+00:00,promo_code
it_00943,items missing from my sushi go delivery: my drinks,2026-09-03T09:44:20+00:00,missing_items
it_00944,"Ugh. Cold meal, clearly sat somewhere for a long time Fix this please.",2026-09-03T09:44:40+00:00,cold_food
it_00945,"Hello, How long does a refund take? Waiting on $49",2026-09-03T09:45:47+00:00,refund_delay
it_00946,URGENT: Your email said use SAVE20 but the app says code not valid,2026-09-03T09:52:15+00:00,promo_code
it_00947,Help! Still waiting on my refund of $24.50 from two weeks ago,2026-09-03T09:56:20+00:00,refund_delay
it_00948,Help! Checkout ignores the FREESHIP promo Fix this please.,2026-09-03T10:02:19+00:00,promo_code
it_00949,"the sauce was not in the delivery, please refund any update?",2026-09-03T10:03:24+00:00,missing_items
it_00950,They forgot the salad agian in my order Thanks.,2026-09-03T10:03:24+00:00,missing_items
it_00951,"Hello, Why won't FREESHIP apply to my cart? Any update?",2026-09-03T10:03:32+00:00,promo_code
it_00952,items missing from my the corner bakery delivery: milk please help!,2026-09-03T10:04:41+00:00,missing_items
it_00953,URGENT: Coupon WELCOME10 doesn't work even though it's not expired,2026-09-03T10:07:55+00:00,promo_code
it_00954,why won't freeship apply to my cart? any update?,2026-09-03T10:08:15+00:00,promo_code
it_00955,ugh. checkout ignores hte fall25 promo,2026-09-03T10:14:20+00:00,promo_code
it_00956,URGENT: They forgot the salad again in my order,2026-09-03T10:14:28+00:00,missing_items
it_00957,Coupon SAVE20 doesn't work even though it's not expired Thanks.,2026-09-03T10:18:50+00:00,promo_code
it_00958,Hot food arrived completely cold again Please help!,2026-09-03T10:20:55+00:00,cold_food
it_00959,Coupon SAVE20 doesn't work even though ti's not expired Thanks.,2026-09-03T10:24:19+00:00,promo_code
it_00960,"Hello, Your email said use WELCOME10 but the app says code not valid",2026-09-03T10:27:51+00:00,promo_code
it_00961,Ugh. Discount code FALL25 removes itself when I place the order Any update?,2026-09-03T10:30:33+00:00,promo_code
it_00962,"Hello, Promo code WELCOME10 says it's invalid at checkout Very frustrating.",2026-09-03T10:31:06+00:00,promo_code
it_00963,"Hi, Never got the refund for my cancelled order",2026-09-03T10:36:05+00:00,refund_delay
it_00964,Help! Checkout ignores the WELCOME10 promo Very frustrating.,2026-09-03T10:45:39+00:00,promo_code
it_00965,Help! Discount code WELCOME10 removes itself when I place the order,2026-09-03T10:49:41+00:00,promo_code
it_00966,urgent: checkout ignores the fall25 promo,2026-09-03T10:51:30+00:00,promo_code
it_00967,Checkout ignores the WELCOME10 promo Very frustrating.,2026-09-03T10:58:57+00:00,promo_code
it_00968,they forgot the dessert again in my order very frustrating.,2026-09-03T10:59:33+00:00,missing_items
it_00969,Help! The FREESHIP discount isn't applying to my order,2026-09-03T11:01:16+00:00,promo_code
it_00970,"extremely late delivery again, 45 minutes behind schedule any update?",2026-09-03T11:02:37+00:00,late_delivery
it_00971,URGENT: Discount code FREESHIP removes itself when I place the order This is the second time.,2026-09-03T11:03:11+00:00,promo_code
it_00972,could you partner with more pharmacies?,2026-09-03T11:06:12+00:00,noise
it_00973,help! received the order but milk was left out please help!,2026-09-03T11:13:17+00:00,missing_items
it_00974,Ugh. Why won't FREESHIP apply to my cart? Please help!,2026-09-03T11:14:35+00:00,promo_code
it_00975,Ugh. Tried FALL25 three times and it keeps getting rejected Very frustrating.,2026-09-03T11:28:30+00:00,promo_code
it_00976,checkout ignores the freeship promo this is the second time.,2026-09-03T11:35:12+00:00,promo_code
it_00977,URGENT: Refund was approved but I haven't received $49 yet Very frustrating.,2026-09-03T11:37:04+00:00,refund_delay
it_00978,URGENT: Waited 90 minutes past the delivery window for FreshMart Fix this please.,2026-09-03T11:37:54+00:00,late_delivery
it_00979,"Hey team, Discount code FREESHIP removes itself when I place the order",2026-09-03T11:40:04+00:00,promo_code
it_00980,urgent: coupon welcome10 doesn't work even though it's not expired thanks.,2026-09-03T11:40:25+00:00,promo_code
it_00981,Help! Waited two hours past the delivery window for GreenLeaf Very frustrating.,2026-09-03T11:43:08+00:00,late_delivery
it_00982,"Hello, Received the order but the sauce was left out Very frustrating.",2026-09-03T11:47:28+00:00,missing_items
it_00983,How long dose a refund take? Waiting on $49 This is the second time.,2026-09-03T11:47:55+00:00,refund_delay
it_00984,URGENT: Delivery took two hours longer than the estimate,2026-09-03T11:48:17+00:00,late_delivery
it_00985,Help! Discount code FREESHIP removes itself when I place the order Thanks.,2026-09-03T11:53:23+00:00,promo_code
it_00986,ugh. the save20 discount isn't applying to my order,2026-09-03T11:58:51+00:00,promo_code
it_00987,urgent: is my data shared with restaurants? any update?,2026-09-03T12:00:13+00:00,noise
it_00988,my order from freshmart arrived 45 minutes late thanks.,2026-09-03T12:04:20+00:00,late_delivery
it_00989,URGENT: Tried SAVE20 three times and it keeps getting rejected Very frustrating.,2026-09-03T12:05:13+00:00,promo_code
it_00990,"Hi, Paid for my drinks but it never came in the bag Please help!",2026-09-03T12:08:53+00:00,missing_items
it_00991,Bag arrived without my drinks even though I paid for it Any update?,2026-09-03T12:17:07+00:00,missing_items
it_00992,"Help! Extremely late delivery again, 40 minutes behind schedule Thanks.",2026-09-03T12:22:57+00:00,late_delivery
it_00993,Your email said use SAVE20 but the app says code not valid Please help!,2026-09-03T12:24:29+00:00,promo_code
it_00994,promo code freeship says it's invalid at checkout,2026-09-03T12:25:43+00:00,promo_code
it_00995,"Hey team, Discount code FREESHIP removes itself when I place the order",2026-09-03T12:30:34+00:00,promo_code
it_00996,"Hey team, Your email said use FALL25 but the app says code not valid",2026-09-03T12:34:17+00:00,promo_code
it_00997,My order from rGeenLeaf arrived two hours late Thanks.,2026-09-03T12:40:48+00:00,late_delivery
it_00998,Checkout ignores the WELCOME10 promo,2026-09-03T12:48:19+00:00,promo_code
it_00999,"Hello, Cold meal, clearly sat somewhere for a long time Very frustrating.",2026-09-03T12:49:24+00:00,cold_food
it_01000,"Hello, Received the order but milk was left out",2026-09-03T12:50:21+00:00,missing_items
it_01001,"help! order was supposed to arrive at noon, came an hour late",2026-09-03T12:50:49+00:00,late_delivery
it_01002,"hey team, refund was approved but i haven't received $24.50 yet very frustrating.",2026-09-03T12:52:12+00:00,refund_delay
it_01003,Ugh. Driver was two hours late and the food was cold,2026-09-03T12:52:15+00:00,late_delivery
it_01004,"hi, your email said use freeship but the app says code not valid please help!",2026-09-03T12:53:00+00:00,promo_code
it_01005,Tried SAVE20 three times and it ekeps getting rejected Thanks.,2026-09-03T12:54:34+00:00,promo_code
it_01006,"hi, very unrpofessional driver, swore at me please help!",2026-09-03T12:54:45+00:00,driver_rude
it_01007,"You promised a refund in 3 days, it's been two weeks",2026-09-03T12:57:27+00:00,refund_delay
it_01008,"Hello, My oredr from Sushi Go arrived an hour late Very frustrating.",2026-09-03T12:59:41+00:00,late_delivery
it_01009,"Hey team, Received the order but the sauce was left out Very frustrating.",2026-09-03T13:02:39+00:00,missing_items
it_01010,Ugh. Driver was 40 minutes late and the food was cold Very frustrating.,2026-09-03T13:06:06+00:00,late_delivery
it_01011,"Hi, my drinks wsa not in the delivery, please refund Fix this please.",2026-09-03T13:12:29+00:00,missing_items
it_01012,Help! Refund was approved but I haven't received $31.20 yet This is the second time.,2026-09-03T13:17:08+00:00,refund_delay
it_01013,The ETA kept moving and my order showed up 90 minutes after it was promised Fix this please.,2026-09-03T13:17:55+00:00,late_delivery
it_01014,Help! Discount code FREESHIP removes itself when I place the order,2026-09-03T13:21:29+00:00,promo_code
it_01015,Refund status says processed but no money back Very frustrating.,2026-09-03T13:22:03+00:00,refund_delay
it_01016,"Hello, Refund was approved but I haven't received $24.50 yet",2026-09-03T13:32:34+00:00,refund_delay
it_01017,"Hello, Half my order was missing, no the dessert at all Very frustrating.",2026-09-03T13:33:01+00:00,missing_items
it_01018,The ETA kept moving and my order showed up two hours after it was promised Please help!,2026-09-03T13:35:49+00:00,late_delivery
it_01019,Ugh. The driver was extremley rude to me at the door Any update?,2026-09-03T13:36:51+00:00,driver_rude
it_01020,Why won't FALL25 apply to my cart? Any update?,2026-09-03T13:37:47+00:00,promo_code
it_01021,ugh. your email said use welcome10 but the app says code not valid please help!,2026-09-03T13:38:20+00:00,promo_code
it_01022,URGENT: Coupon SAVE20 doesn't work even though it's not expired Thanks.,2026-09-03T13:39:04+00:00,promo_code
it_01023,discount code freeship removes itself when i place the order,2026-09-03T13:47:55+00:00,promo_code
it_01024,"Hello, My order from the corner bakery arrived 90 minutes late Any update?",2026-09-03T13:50:40+00:00,late_delivery
it_01025,Help! The WELCOME10 discount isn't applying to my order,2026-09-03T13:51:04+00:00,promo_code
it_01026,"hi, why won't welcome10 apply to my cart? any update?",2026-09-03T13:51:32+00:00,promo_code
it_01027,"help! half my order was missing, no the sauce at all",2026-09-03T14:11:36+00:00,missing_items
it_01028,"Cold meal, clearly sat somewhere for a long time Fix this please.",2026-09-03T14:13:52+00:00,cold_food
it_01029,Delivery took 40 minutes longer than the estimate This is the second tmie.,2026-09-03T14:16:49+00:00,late_delivery
it_01030,URGENT: Your email said use SAVE20 but the app says code not valid Please help!,2026-09-03T14:17:57+00:00,promo_code
it_01031,checkout ignores the welcome10 promo,2026-09-03T14:21:22+00:00,promo_code
it_01032,ugh. delivery took an hour longer than the estimate any update?,2026-09-03T14:26:18+00:00,late_delivery
it_01033,Paid for the dessert but it never came in the bag,2026-09-03T14:36:10+00:00,missing_items
it_01034,"ugh. extremely late delivery again, two hours behind schedule",2026-09-03T14:41:49+00:00,late_delivery
it_01035,help! checkout ignores the freeship promo any update?,2026-09-03T14:47:59+00:00,promo_code
it_01036,Tried EWLCOME10 three times and it keeps getting rejected Any update?,2026-09-03T14:49:39+00:00,promo_code
it_01037,"Hey team, Delivery took two hours longer than the estimate",2026-09-03T14:59:09+00:00,late_delivery
it_01038,"order was supposed to arrive at noon, came 40 minutes late any update?",2026-09-03T15:14:08+00:00,late_delivery
it_01039,the eta kept moving and my order showed up an hour after it was promised fix this please.,2026-09-03T15:19:44+00:00,late_delivery
it_01040,my order from greenleaf arrived 45 minutes late,2026-09-03T15:21:48+00:00,late_delivery
it_01041,ugh. still waiting on my refund of $9.99 from two weeks ago fix this please.,2026-09-03T15:25:56+00:00,refund_delay
it_01042,help! items missing from my pizza palace delivery: the sauce this is the second time.,2026-09-03T15:27:48+00:00,missing_items
it_01043,urgent: driver was an hour late and the food was cold,2026-09-03T15:28:18+00:00,late_delivery
it_01044,Ugh. Coupon FREESHIP doesn't work even though it's not expired,2026-09-03T15:29:37+00:00,promo_code
it_01045,"hey team, promo code fall25 says it's invlaid at checkout",2026-09-03T15:31:43+00:00,promo_code
it_01046,help! tried fall25 three times and it keeps getting rejected very frustrating.,2026-09-03T15:37:31+00:00,promo_code
it_01047,"Order was supposed to arrive at noon, came 40 minutes late Thanks.",2026-09-03T15:47:49+00:00,late_delivery
it_01048,"Half my order was missign, no my drinks at all",2026-09-03T15:53:50+00:00,missing_items
it_01049,Help! Your email said use FREESHIP but the app says code not valid Thanks.,2026-09-03T15:59:56+00:00,promo_code
it_01050,My order from Sushi Go arrived 40 minutes late Thanks.,2026-09-03T16:04:12+00:00,late_delivery
it_01051,Help! Tried WELCOME10 three times and it keeps getting rejected,2026-09-03T16:11:50+00:00,promo_code
it_01052,URGENT: Driver was rude on the phone and hung up on me,2026-09-03T16:22:22+00:00,driver_rude
it_01053,"hello, my order from the ocrner bakery was missing my drinks",2026-09-03T16:22:27+00:00,missing_items
it_01054,"Hey team, Refund status says processed but on money back",2026-09-03T16:26:32+00:00,refund_delay
it_01055,Help! Delivery took two hours longer than the estimate,2026-09-03T16:26:48+00:00,late_delivery
it_01056,"Hey team, My order from the corner bakery was missing my drinks Please help!",2026-09-03T16:34:00+00:00,missing_items
it_01057,"Food temperature was terrible, all cold Thanks.",2026-09-03T16:36:57+00:00,cold_food
it_01058,Help! Your email said use WELCOME10 but the app says code not valid,2026-09-03T16:45:40+00:00,promo_code
it_01059,"Hello, Tried WELCOME10 three times and it keeps getting rejected",2026-09-03T16:46:02+00:00,promo_code
it_01060,Why won't FALL25 apply to my cart? Thanks.,2026-09-03T16:47:44+00:00,promo_code
it_01061,URGENT: Driver was two hours late and the food was cold Please help!,2026-09-03T16:48:26+00:00,late_delivery
it_01062,Ugh. Discount code SAVE20 removes itself when I place the order Any update?,2026-09-03T16:49:02+00:00,promo_code
it_01063,Delivery took 40 minutes longer than the estimate,2026-09-03T16:55:43+00:00,late_delivery
it_01064,URGENT: They forgot the dessert again in my order,2026-09-03T16:55:54+00:00,missing_items
it_01065,"hello, they forgot half the order again in my order fix this please.",2026-09-03T16:56:04+00:00,missing_items
it_01066,"hey team, coupon welcome10 doesn't work even though it's not expired this is the second time.",2026-09-03T16:58:22+00:00,promo_code
it_01067,never got the refund for my cancelled order this is the second time.,2026-09-03T17:02:18+00:00,refund_delay
it_01068,"Hi, Your email said use WELCOME10 btu the app says code not valid Thanks.",2026-09-03T17:10:23+00:00,promo_code
it_01069,"Half my order was missing, no my drinks at all Thanks.",2026-09-03T17:13:57+00:00,missing_items
it_01070,My order form Pizza Palace was missing my drinks,2026-09-03T17:19:19+00:00,missing_items
it_01071,Promo code SAVE20 says it's invalid at checkout Fix this please.,2026-09-03T17:26:06+00:00,promo_code
it_01072,"hi, refund was approved but i haven't receievd $24.50 yet very frustrating.",2026-09-03T17:28:52+00:00,refund_delay
it_01073,"Hello, Driver was 40 minutes late and the food was cold",2026-09-03T17:33:48+00:00,late_delivery
it_01074,"Hi, My pizza was ice cold on arrival Fix this please.",2026-09-03T17:34:52+00:00,cold_food
it_01075,"Hi, Extremely late delivery again, an hour behind schedule",2026-09-03T17:37:29+00:00,late_delivery
it_01076,Refund was approved but I haven't received $49 yet Any update?,2026-09-03T17:39:26+00:00,refund_delay
it_01077,Tried WELCOME10 three times and it keeps getting rejected Thanks.,2026-09-03T17:45:11+00:00,promo_code
it_01078,"URGENT: Very unprofessional driver, swore at me Very frustrating.",2026-09-03T17:51:49+00:00,driver_rude
it_01079,ugh. discount code save20 removes itself when i place the order,2026-09-03T17:54:41+00:00,promo_code
it_01080,Help! Driver was 45 minutes late and the food was cold Fix this please.,2026-09-03T17:54:43+00:00,late_delivery
it_01081,"ugh. order was supposed to arrive at noon, came 90 minutes late very frustrating.",2026-09-03T17:56:41+00:00,late_delivery
it_01082,"Ugh. the dessert was not in the delivery, please refund",2026-09-03T17:58:00+00:00,missing_items
it_01083,"hey team, cold meal, clearly sat somewhere for a long tmie",2026-09-03T17:58:02+00:00,cold_food
it_01084,Driver was tow hours late and the food was cold,2026-09-03T17:59:11+00:00,late_delivery
it_01085,"Hi, The soup was cold and the fries were soggy Very frustrating.",2026-09-03T18:09:42+00:00,cold_food
it_01086,"Hi, Discount code FALL25 removes itself when I place the order",2026-09-03T18:10:29+00:00,promo_code
it_01087,"hello, enver got the refund for my cancelled order very frustrating.",2026-09-03T18:22:40+00:00,refund_delay
it_01088,"ugh. extremely late delivery again, 90 minutes behind schedule",2026-09-03T18:30:06+00:00,late_delivery
it_01089,"Hi, Cold meal, lcearly sat somewhere for a long time This is the second time.",2026-09-03T18:43:39+00:00,cold_food
it_01090,"Ugh. Very unprofessional driver, swore at me Very frustrating.",2026-09-03T18:44:06+00:00,driver_rude
it_01091,"Hi, Waited 40 minutes past the delivery window for the corner bakery",2026-09-03T18:46:42+00:00,late_delivery
it_01092,ugh. your email said use freeship but the app says code not valid this is the second time.,2026-09-03T18:48:00+00:00,promo_code
it_01093,"hey team, food from sushi go arrived cold this is the second time.",2026-09-03T18:48:06+00:00,cold_food
it_01094,ugh. my $31.20 refund still hasn't shown up on my card,2026-09-03T18:59:57+00:00,refund_delay
it_01095,urgent: the eta kept moving and my order showed up 45 minutes after it was promised,2026-09-03T19:02:38+00:00,late_delivery
it_01096,"hi, waited an hour past the delivery window for greenleaf",2026-09-03T19:10:48+00:00,late_delivery
it_01097,Help! Received the order but the dessert was left out Please help!,2026-09-03T19:12:19+00:00,missing_items
it_01098,"Hello, The ETA kept moving and my order showed up an hour after it was promised Thanks.",2026-09-03T19:21:37+00:00,late_delivery
it_01099,ugh. everything was lukewarm when it got here any update?,2026-09-03T19:32:34+00:00,cold_food
it_01100,Help! My $12.99 refund still hasn't shown up on my card,2026-09-03T19:33:04+00:00,refund_delay
it_01101,Food from Pizza Palace arrived cold,2026-09-03T19:38:02+00:00,cold_food
it_01102,"Hi, How are delivery fees calculated?",2026-09-03T19:38:29+00:00,noise
it_01103,"Help! Order was supposed to arrive at noon, came 40 minutes late This is the second time.",2026-09-03T19:41:50+00:00,late_delivery
it_01104,help! waited 90 minutes past the delivery window for greenleaf this is the second time.,2026-09-03T19:55:46+00:00,late_delivery
it_01105,"my drinks was not in the delviery, please refund",2026-09-03T19:58:34+00:00,missing_items
it_01106,urgent: the eta kept moving and my order showed up 90 minutes after it was promised,2026-09-03T20:00:18+00:00,late_delivery
it_01107,urgent: the eta kept moving and my order showed up 45 minutes after it was promised very frustrating.,2026-09-03T20:03:51+00:00,late_delivery
it_01108,"Hello, How long does a refund take? Waiting on $31.20 Please help!",2026-09-03T20:05:28+00:00,refund_delay
it_01109,"hi, paid for the salad but it never came in the bag any update?",2026-09-03T20:16:36+00:00,missing_items
it_01110,"Hello, Everything was lukewarm when it got here",2026-09-03T20:25:59+00:00,cold_food
it_01111,"Hey team, Driver was 90 minutes late and the food was cold Fix this please.",2026-09-03T20:56:49+00:00,late_delivery
it_01112,Ugh. Bag arrived without the dessert even though I paid for it,2026-09-03T20:58:27+00:00,missing_items
it_01113,"hi, my $49 refund still hasn't shown up on my card thanks.",2026-09-03T21:02:37+00:00,refund_delay
it_01114,"Help! You promised a refund in 3 days, it's been two weeks",2026-09-03T21:03:51+00:00,refund_delay
it_01115,URGENT: Refund was approved but I haven't received $31.20 yet This is the second time.,2026-09-03T21:08:47+00:00,refund_delay
it_01116,urgent: the soup was cold and the fries were soggy,2026-09-03T21:16:46+00:00,cold_food
it_01117,"Hi, Refund was approved but I haven't received $49 yet Very frustrating.",2026-09-03T21:19:09+00:00,refund_delay
it_01118,Items missing from my FreshMart delivery: the sauce,2026-09-03T21:29:13+00:00,missing_items
it_01119,Hot food arrived completely cold again,2026-09-03T21:29:25+00:00,cold_food
it_01120,Help! My order from Pizza Palace was missing the salad Thanks.,2026-09-03T21:29:28+00:00,missing_items
it_01121,ugh. delivery took 40 minutes longer than the estimate,2026-09-03T21:30:39+00:00,late_delivery
it_01122,Where is my refund? It's been 10 days Please help!,2026-09-03T21:40:35+00:00,refund_delay
it_01123,do you offer catering for big events? this is the second time.,2026-09-03T21:47:47+00:00,noise
it_01124,Help! Your driver was condescending and rude This is the second time.,2026-09-03T22:06:44+00:00,driver_rude
it_01125,"Hi, Cold meal, clearly sat somewhere for a long time",2026-09-03T22:09:34+00:00,cold_food
it_01126,"Hi, Still waiting on my refund of $24.50 from two weeks ago",2026-09-03T22:10:11+00:00,refund_delay
it_01127,paid for the salad but it never came in the bag,2026-09-03T22:25:36+00:00,missing_items
it_01128,Waited two hours past the delivery window for Sushi Go Very frustrating.,2026-09-03T22:29:32+00:00,late_delivery
it_01129,help! refund status says processed but no money back fix this please.,2026-09-03T22:31:15+00:00,refund_delay
it_01130,"Help! Food temperature was terrible, all cold",2026-09-03T22:33:13+00:00,cold_food
it_01131,"hi, items missing from my freshmart delivery: my drinks please help!",2026-09-03T22:38:22+00:00,missing_items
it_01132,"Hey team, Refund was aprpoved but I haven't received $31.20 yet",2026-09-03T22:47:14+00:00,refund_delay
it_01133,items missing from my sushi go deliveyr: half the order,2026-09-03T22:52:55+00:00,missing_items
it_01134,Ugh. Refund was approved but I haven't received $49 yet This is the second time.,2026-09-03T22:57:58+00:00,refund_delay
it_01135,courier yelled at me because the building was hard to find very frustrating.,2026-09-03T23:05:12+00:00,driver_rude
it_01136,"Hello, Delivery took 40 minutes longer than the estimate Thanks.",2026-09-03T23:09:27+00:00,late_delivery
it_01137,Refund status says processed but no money back Fix this please.,2026-09-03T23:12:54+00:00,refund_delay
it_01138,Ugh. Bag arrived without the dessert even though I paid for it,2026-09-03T23:17:50+00:00,missing_items
it_01139,Ugh. Where is my refund? It's been 10 days This is the second time.,2026-09-03T23:28:08+00:00,refund_delay
it_01140,"Food temperature was terrible, all cold Any update?",2026-09-03T23:44:29+00:00,cold_food
it_01141,How long does a refund take? Waiting on $9.99 Any update?,2026-09-03T23:44:43+00:00,refund_delay
it_01142,urgent: my order from freshmart arrived 40 minutes late thanks.,2026-09-03T23:44:58+00:00,late_delivery
it_01143,"Help! Order was supposed to arrive at noon, came 45 minutes late Very frustrating.",2026-09-03T23:46:07+00:00,late_delivery
it_01144,"Hi, You promised a refund in 3 days, it's been two weeks Fix this please.",2026-09-03T23:49:24+00:00,refund_delay
it_01145,Received the order but the salad was left out This is the second time.,2026-09-03T23:51:32+00:00,missing_items
it_01146,Any plans to launch in Canada?,2026-09-03T23:58:17+00:00,noise
it_01147,"Help! Order was supposed to arrive at noon, came 45 minutes late Thanks.",2026-09-04T00:08:47+00:00,late_delivery
it_01148,My $12.99 refund still hasn't shown up on my card,2026-09-04T00:10:23+00:00,refund_delay
it_01149,My order from Pizza Palace arrived two hours late Any update?,2026-09-04T00:10:53+00:00,late_delivery
it_01150,Never got the refund for my cancelled order Fix this please.,2026-09-04T00:14:49+00:00,refund_delay
it_01151,ugh. delivery took 90 minutes lonegr than the estimate,2026-09-04T00:21:30+00:00,late_delivery
it_01152,Driver was 40 minutes late and the food was cold Thanks.,2026-09-04T00:25:55+00:00,late_delivery
it_01153,My $12.99 refund still hasn't shown up on my card Any update?,2026-09-04T00:27:41+00:00,refund_delay
it_01154,"Hi, The driver was extremely rude to me at the door Any update?",2026-09-04T00:30:45+00:00,driver_rude
it_01155,My $12.99 refund still hasn't shown up on my card Fix this please.,2026-09-04T00:35:03+00:00,refund_delay
it_01156,items missing from my sushi go delivery: the salad this is the second time.,2026-09-04T00:35:18+00:00,missing_items
it_01157,My pizza was ice cold on arrival,2026-09-04T00:36:02+00:00,cold_food
it_01158,items missing from my the corner bakery delivery: the dessert this is the second time.,2026-09-04T00:38:03+00:00,missing_items
it_01159,"Ugh. Extremely late deliveyr again, two hours behind schedule Please help!",2026-09-04T00:40:40+00:00,late_delivery
it_01160,"Hey team, Items missing from my the corner bakery delivery: half the order Please help!",2026-09-04T00:46:38+00:00,missing_items
it_01161,"Hey team, App crashes as soon as I open it on my iPhone 15 Please help!",2026-09-04T00:47:02+00:00,app_crash
it_01162,App freezes and then crashes when I search for FreshMart,2026-09-04T00:54:50+00:00,app_crash
it_01163,"Cold meal, clearly sat somewhere for a long time Please help!",2026-09-04T00:55:32+00:00,cold_food
it_01164,"Hello, My $24.50 refund still hasn't shown up on my card This is the second time.",2026-09-04T00:58:17+00:00,refund_delay
it_01165,"hello, crashes on startup, can't use it at all on galaxy s23",2026-09-04T00:59:28+00:00,app_crash
it_01166,Never got the refund for my cancelled order This is the second time.,2026-09-04T00:59:48+00:00,refund_delay
it_01167,"Hi, Cold meal, clearly sat somewhere for a long time",2026-09-04T01:02:06+00:00,cold_food
it_01168,Help! Why does every order from FreshMart show up an hour late? Fix this please.,2026-09-04T01:03:39+00:00,late_delivery
it_01169,URGENT: Waited 90 minutes past the delivery window for the corner bakery,2026-09-04T01:11:43+00:00,late_delivery
it_01170,received the order but the dessert was left out any update?,2026-09-04T01:12:10+00:00,missing_items
it_01171,Ugh. My order from FreshMart arrived two hours late,2026-09-04T01:12:25+00:00,late_delivery
it_01172,Ugh. Keeps crashing when I tap on the cart Fix this please.,2026-09-04T01:44:37+00:00,app_crash
it_01173,Food from the corner bakery arrived ocld Thanks.,2026-09-04T01:57:38+00:00,cold_food
it_01174,"hey team, food from greenleaf arrived cold",2026-09-04T02:11:42+00:00,cold_food
it_01175,Ugh. Still waiting on my refund of $49 from two weeks ago Please help!,2026-09-04T02:15:23+00:00,refund_delay
it_01176,"Hello, Waited two hours past the delivery window for FreshMart",2026-09-04T02:16:54+00:00,late_delivery
it_01177,my order from freshmart arrived 40 minutes late,2026-09-04T02:18:08+00:00,late_delivery
it_01178,"hey team, they forgot half the order again in my order",2026-09-04T02:22:45+00:00,missing_items
it_01179,"Cold meal, clearly sat somewhere for a long time Very frustrating.",2026-09-04T02:24:33+00:00,cold_food
it_01180,"hi, refund status says processed but no money back please help!",2026-09-04T02:24:50+00:00,refund_delay
it_01181,"Hi, Keeps crashing when I tap on the cart Very frustrating.",2026-09-04T02:29:21+00:00,app_crash
it_01182,"half my order was missing, no the sauce at all",2026-09-04T02:29:43+00:00,missing_items
it_01183,"Hey team, My order from Pizza Palace arrived 40 minutes late",2026-09-04T02:34:16+00:00,late_delivery
it_01184,Food from GreenLeaf arrived cold,2026-09-04T02:35:31+00:00,cold_food
it_01185,Help! Received the order but the dessert was left out Any update?,2026-09-04T02:39:31+00:00,missing_items
it_01186,"Hey team, Half my order was missing, no the sauce at all Thanks.",2026-09-04T02:42:31+00:00,missing_items
it_01187,"hello, crashes on startup, can't use it at all on iphone 15 fix this please.",2026-09-04T02:47:24+00:00,app_crash
it_01188,"hello, order was supposed to arrive at noon, came 90 miuntes late",2026-09-04T02:53:10+00:00,late_delivery
it_01189,Everything was lukewarm when it got here Any update?,2026-09-04T02:53:42+00:00,cold_food
it_01190,Help! Items missing from my the corner bakery delivery: my drinks,2026-09-04T02:56:46+00:00,missing_items
it_01191,help! constant crashes after the update to version 7.2,2026-09-04T03:06:36+00:00,app_crash
it_01192,"Food temperature was trerible, all cold",2026-09-04T03:07:23+00:00,cold_food
it_01193,my order from freshmart was missing the sauce,2026-09-04T03:07:54+00:00,missing_items
it_01194,Help! Refund status says processed but no money back,2026-09-04T03:12:51+00:00,refund_delay
it_01195,"crashes on startup, can't use it at all on galaxy s23 very frustrating.",2026-09-04T03:15:05+00:00,app_crash
it_01196,"Hey team, You promised a refund in 3 days, it's been two weeks Any update?",2026-09-04T03:16:01+00:00,refund_delay
it_01197,they forgot the dessert again in my order,2026-09-04T03:16:45+00:00,missing_items
it_01198,My $9.99 refund still hasn't shown up on my card,2026-09-04T03:18:14+00:00,refund_delay
it_01199,help! my order from pizza palace was missing my drinks thanks.,2026-09-04T03:21:09+00:00,missing_items
it_01200,URGENT: App crashes as soon as I open it on my Galaxy S23 Fix this please.,2026-09-04T03:35:40+00:00,app_crash
it_01201,"hey team, the soup was cold and the fries were soggy fix this please.",2026-09-04T03:35:43+00:00,cold_food
it_01202,"Hello, Paid for milk but it never came in the bag Thanks.",2026-09-04T03:42:05+00:00,missing_items
it_01203,"hello, the app just quits when i open my order history please help!",2026-09-04T03:42:40+00:00,app_crash
it_01204,"hello, the app force closes every time i try to check out this is the second time.",2026-09-04T03:44:15+00:00,app_crash
it_01205,"Hello, Where is my refund? It's been 10 days",2026-09-04T03:44:58+00:00,refund_delay
it_01206,Constant crashes after the update to Android 15 Thanks.,2026-09-04T03:46:50+00:00,app_crash
it_01207,"Help! Half my order was missing, no the salad at all",2026-09-04T03:47:31+00:00,missing_items
it_01208,URGENT: Why does every order from GreenLeaf show up 45 minutes late?,2026-09-04T03:52:13+00:00,late_delivery
it_01209,"Hi, Hot food arrived completely cold again This is the second time.",2026-09-04T03:56:38+00:00,cold_food
it_01210,Keeps crashing when I tap on the cart Thanks.,2026-09-04T04:02:09+00:00,app_crash
it_01211,ugh. app crashes as soon as i open it on my iphone 15 this is the second time.,2026-09-04T04:02:57+00:00,app_crash
it_01212,"Hi, Refund status says processed but no money back Please help!",2026-09-04T04:03:17+00:00,refund_delay
it_01213,Your driver was condescending and rude Thakns.,2026-09-04T04:03:33+00:00,driver_rude
it_01214,"Hey team, The app just quits when I open my order history Any update?",2026-09-04T04:04:49+00:00,app_crash
it_01215,"hello, my order from pizza palace was missing the dessert this is the second time.",2026-09-04T04:05:11+00:00,missing_items
it_01216,"Hello, My pizza aws ice cold on arrival",2026-09-04T04:07:03+00:00,cold_food
it_01217,Help! Bag arrived without my drinks even though I paid for it Very frustrating.,2026-09-04T04:12:13+00:00,missing_items
it_01218,Driver was 90 minutes late and the food was cold,2026-09-04T04:16:12+00:00,late_delivery
it_01219,App crashes as soon as I open it on my iPad This is the second time.,2026-09-04T04:17:38+00:00,app_crash
it_01220,Ugh. Received the order but milk was left out Any update?,2026-09-04T04:21:59+00:00,missing_items
it_01221,"Hi, Constant crashes after the update to version 7.2 Any update?",2026-09-04T04:32:10+00:00,app_crash
it_01222,help! how long does a refund take? waiting on $12.99,2026-09-04T04:35:23+00:00,refund_delay
it_01223,Still waiting on my refund of $24.50 from two weeks ago,2026-09-04T04:37:59+00:00,refund_delay
it_01224,app freezes and then crashes whne i search for the corner bakery any update?,2026-09-04T04:50:18+00:00,app_crash
it_01225,"Hey team, The ETA kept moving and my order showed up 45 minutes after it was promised Very frustrating.",2026-09-04T04:54:56+00:00,late_delivery
it_01226,"Hey team, The app just quits when I open my order history",2026-09-04T04:57:44+00:00,app_crash
it_01227,keeps crashing when i tap on the cart please help!,2026-09-04T05:04:23+00:00,app_crash
it_01228,The app just quits when I open my order history Any update?,2026-09-04T05:08:51+00:00,app_crash
it_01229,Constant crashes after the update to version 7.2 Any update?,2026-09-04T05:10:19+00:00,app_crash
it_01230,"Very unprofessional driver, swore at me Please help!",2026-09-04T05:11:04+00:00,driver_rude
it_01231,help! app crashes as soon as i open it on my iphone 15,2026-09-04T05:14:08+00:00,app_crash
it_01232,"hello, constant crashes after the update to ios 18 very frustrating.",2026-09-04T05:14:19+00:00,app_crash
it_01233,help! waited 90 minutes past the delivery window for sushi go thanks.,2026-09-04T05:17:48+00:00,late_delivery
it_01234,help! how long dose a refund take? waiting on $31.20,2026-09-04T05:28:04+00:00,refund_delay
it_01235,"Cold meal, clearly sat somewhere for a long time",2026-09-04T05:31:58+00:00,cold_food
it_01236,"Hey team, Everything was lukewarm when it got here Please help!",2026-09-04T05:33:00+00:00,cold_food
it_01237,"Hello, Paid for the sauce but it never came in the bag This is the second time.",2026-09-04T05:36:05+00:00,missing_items
it_01238,Help! The app just quits when I open my order history Fix this please.,2026-09-04T05:38:59+00:00,app_crash
it_01239,Ugh. The app force closes every time I try to check out Please help!,2026-09-04T05:39:41+00:00,app_crash
it_01240,"Hello, Keeps crashing when I tap on the cart Fix this please.",2026-09-04T05:40:54+00:00,app_crash
it_01241,Constant crashes after the update to Android 15,2026-09-04T05:43:44+00:00,app_crash
it_01242,"Cold meal, clearly sat somewhere for a long time",2026-09-04T05:45:03+00:00,cold_food
it_01243,"Hi, The app just quits when I open my order history Please help!",2026-09-04T05:46:08+00:00,app_crash
it_01244,"Hello, My pizza was ice cold on arrival Any update?",2026-09-04T05:47:11+00:00,cold_food
it_01245,Ugh. Never got the refund for my cancelled order Thanks.,2026-09-04T05:57:05+00:00,refund_delay
it_01246,"hello, why does every order from pizza palace show up 90 minutes late? thanks.",2026-09-04T06:02:10+00:00,late_delivery
it_01247,Ugh. My order from the corner bakery arrived 45 minutes late,2026-09-04T06:02:41+00:00,late_delivery
it_01248,"Hello, Food temperature was terrible, all cold Please help!",2026-09-04T06:03:23+00:00,cold_food
it_01249,The app force closes every time I try to check out,2026-09-04T06:12:53+00:00,app_crash
it_01250,Help! The app force closes every time I try to check out Very frustrating.,2026-09-04T06:17:52+00:00,app_crash
it_01251,Help! pAp freezes and then crashes when I search for the corner bakery Thanks.,2026-09-04T06:32:07+00:00,app_crash
it_01252,Help! Constant crashes after the update to Android 15,2026-09-04T06:35:17+00:00,app_crash
it_01253,"Hi, Crashes on startup, can't use it at all on iPhone 15",2026-09-04T06:35:26+00:00,app_crash
it_01254,"Crashes on startup, can't use it at all on Galaxy S23 This is the second time.",2026-09-04T06:44:37+00:00,app_crash
it_01255,"Hello, They forgot the salad again in my order This is the second time.",2026-09-04T06:44:53+00:00,missing_items
it_01256,"Hey team, App freezes and then crashes when I search for Sushi Go Thanks.",2026-09-04T06:46:52+00:00,app_crash
it_01257,"crashes on startup, can't use it at all on ipad very frustrating.",2026-09-04T06:52:25+00:00,app_crash
it_01258,"Hi, The app just quits when I open my order history",2026-09-04T06:54:01+00:00,app_crash
it_01259,"hi, app crashes as soon as i open it on my iphone 15 very frustrating.",2026-09-04T06:55:46+00:00,app_crash
it_01260,"help! order was supposed to arrive at noon, came 90 minutes late fix this please.",2026-09-04T06:59:33+00:00,late_delivery
it_01261,Help! The app force closes every time I try to check out,2026-09-04T07:01:09+00:00,app_crash
it_01262,"Hello, Still waiting on my refund of $9.99 from two weeks ago Very frustrating.",2026-09-04T07:03:51+00:00,refund_delay
it_01263,"Hello, Driver was 40 minutes late and the food was cold lPease help!",2026-09-04T07:09:13+00:00,late_delivery
it_01264,Received the order but the salad was left out,2026-09-04T07:13:25+00:00,missing_items
it_01265,"Hey team, Never got the refund for my cancelled order This is the second time.",2026-09-04T07:13:34+00:00,refund_delay
it_01266,"cold meal, clearly sat somewhere for a long time please help!",2026-09-04T07:14:12+00:00,cold_food
it_01267,App crashes as soon as I open it on my Galaxy S23 Thanks.,2026-09-04T07:20:05+00:00,app_crash
it_01268,Ugh. Since Android 15 the app closes immediately on luanch,2026-09-04T07:22:07+00:00,app_crash
it_01269,Keeps crashing when I tap on the cart This is the second time.,2026-09-04T07:26:21+00:00,app_crash
it_01270,app crashes as soon as i open it on my ipad,2026-09-04T07:31:33+00:00,app_crash
it_01271,URGENT: Since Android 15 the app closes immediately on launch Thanks.,2026-09-04T07:32:21+00:00,app_crash
it_01272,"hi, they forgot milk again in my order very frustrating.",2026-09-04T07:36:16+00:00,missing_items
it_01273,The ETA kept moving and my order showed up 45 minutes after it was promised Thanks.,2026-09-04T07:37:42+00:00,late_delivery
it_01274,"Hey team, App crashes as soon as I open it on my Pixel 8 Any update?",2026-09-04T07:45:02+00:00,app_crash
it_01275,"Hey team, Items missing from my GreenLeaf delivery: milk Very frustrating.",2026-09-04T07:51:52+00:00,missing_items
it_01276,Help! App crashes as soon as I open it on my Galaxy S23 This is the second time.,2026-09-04T07:53:57+00:00,app_crash
it_01277,"crashes on startup, can't use it at all on oneplus 12 this is the second time.",2026-09-04T08:00:22+00:00,app_crash
it_01278,Help! The ETA kept moving and my order showed up 45 minutes after it was promised Fix this please.,2026-09-04T08:00:53+00:00,late_delivery
it_01279,App crashes as soon as I open it on my OnePlus 12,2026-09-04T08:01:14+00:00,app_crash
it_01280,Help! Padi for half the order but it never came in the bag,2026-09-04T08:04:17+00:00,missing_items
it_01281,"urgent: crashes on startup, can't use it at all on iphone 15",2026-09-04T08:07:05+00:00,app_crash
it_01282,"ugh. order from freshmart was cold, not acceptable",2026-09-04T08:11:07+00:00,cold_food
it_01283,App freezes and then crashes when I search for the corner bakery This is the second time.,2026-09-04T08:12:28+00:00,app_crash
it_01284,"Half my order was missing, no half the order at all Any update?",2026-09-04T08:13:35+00:00,missing_items
it_01285,"Hello, hTey forgot my drinks again in my order Very frustrating.",2026-09-04T08:15:48+00:00,missing_items
it_01286,The ETA kept moving and my order showed up two hours after it was promised Any update?,2026-09-04T08:17:31+00:00,late_delivery
it_01287,"Hey team, milk was not in the delivery, please refund",2026-09-04T08:18:54+00:00,missing_items
it_01288,URGENT: Where is my refnud? It's been 10 days,2026-09-04T08:22:14+00:00,refund_delay
it_01289,"you promised a refund in 3 days, it's been two weeks please help!",2026-09-04T08:26:43+00:00,refund_delay
it_01290,"hello, constant crashes after the update to android 15 please help!",2026-09-04T08:28:38+00:00,app_crash
it_01291,Help! Everything was lukewarm when it got here Please help!,2026-09-04T08:29:01+00:00,cold_food
it_01292,Ugh. The app just quits when I open my order history Thanks.,2026-09-04T08:29:49+00:00,app_crash
it_01293,"Order from the corner bakery was cold, not acceptable",2026-09-04T08:30:32+00:00,cold_food
it_01294,ugh. app crashes as soon as i opne it on my iphone 15 very frustrating.,2026-09-04T08:32:24+00:00,app_crash
it_01295,Help! How long does a refund take? Waiting on $12.99 Thanks.,2026-09-04T08:33:30+00:00,refund_delay
it_01296,app freezes and then crashes when i search for the corner bakery any update?,2026-09-04T08:34:22+00:00,app_crash
it_01297,Help! The app just quits when I open my order history Very frustrating.,2026-09-04T08:36:16+00:00,app_crash
it_01298,The app force closes every time I try to check out Fix this please.,2026-09-04T08:37:46+00:00,app_crash
it_01299,"Hello, Constant crashes after the update to Android 15 Please help!",2026-09-04T08:38:56+00:00,app_crash
it_01300,"Hello, Crashes on startup, can't use it at all on Galaxy S23 Very frustrating.",2026-09-04T08:39:09+00:00,app_crash
it_01301,Help! Hot food arrived completely ocld again Please help!,2026-09-04T08:39:27+00:00,cold_food
it_01302,ugh. since ios 18 the app closes immediately on launch this is the second time.,2026-09-04T08:40:33+00:00,app_crash
it_01303,"Help! Food temperature was terrible, all cold Very frustrating.",2026-09-04T08:41:12+00:00,cold_food
it_01304,"Hey team, Delivery persno was disrespectful and threw the bag Please help!",2026-09-04T08:46:53+00:00,driver_rude
it_01305,food from the corner bkaery arrived cold please help!,2026-09-04T08:47:21+00:00,cold_food
it_01306,Help! Food from FershMart arrived cold Please help!,2026-09-04T08:48:09+00:00,cold_food
it_01307,Food from Pizza Palace arrived cold Fix this please.,2026-09-04T08:50:08+00:00,cold_food
it_01308,"Hi, Since iSO 18 the app closes immediately on launch",2026-09-04T08:50:52+00:00,app_crash
it_01309,"Crashes on startup, can't use it at all on Pixel 8 Any update?",2026-09-04T09:11:38+00:00,app_crash
it_01310,"Hello, They forgot my drinks again in my order Please help!",2026-09-04T09:14:58+00:00,missing_items
it_01311,ugh. how long does a refund take? waiting on $12.99,2026-09-04T09:21:23+00:00,refund_delay
it_01312,The app force closes every tiem I try to check out Thanks.,2026-09-04T09:23:38+00:00,app_crash
it_01313,"Hello, Food temperature was terrible, all cold",2026-09-04T09:27:09+00:00,cold_food
it_01314,Help! My $49 refund still hasn't shown up on my card Thanks.,2026-09-04T09:30:28+00:00,refund_delay
it_01315,help! my pizza was ice cold on arrival any update?,2026-09-04T09:32:34+00:00,cold_food
it_01316,Ugh. Please add more vegan restaurants Any update?,2026-09-04T09:32:56+00:00,noise
it_01317,"Hello, The app just quits when I open my order history Please help!",2026-09-04T09:33:15+00:00,app_crash
it_01318,Keeps crashing when I tap on the cart Very frustrating.,2026-09-04T09:34:06+00:00,app_crash
it_01319,"Hi, Since iOS 18 the app closes immediately on launch iFx this please.",2026-09-04T09:39:58+00:00,app_crash
it_01320,"Help! Half my order was missing, no the dessert at all This is the second time.",2026-09-04T09:40:27+00:00,missing_items
it_01321,food from the corner bakery arrived cold,2026-09-04T09:47:03+00:00,cold_food
it_01322,URGENT: pAp freezes and then crashes when I search for the corner bakery,2026-09-04T09:53:44+00:00,app_crash
it_01323,"Cold meal, clearly sat somewhere for a long time Fix this please.",2026-09-04T09:53:56+00:00,cold_food
it_01324,"Crashes on startup, can't use it at all on Galaxy S23 Please help!",2026-09-04T09:54:00+00:00,app_crash
it_01325,"Hello, The app force closes every time I try to check out",2026-09-04T09:55:11+00:00,app_crash
it_01326,"Hey team, Never got the refudn for my cancelled order Very frustrating.",2026-09-04T09:58:17+00:00,refund_delay
it_01327,Help! Driver was two hours late and the food was cold Thakns.,2026-09-04T09:59:56+00:00,late_delivery
it_01328,"hello, the app just quits when i open my order history please help!",2026-09-04T10:06:12+00:00,app_crash
it_01329,"hi, keeps crashing when i tap on the cart",2026-09-04T10:10:31+00:00,app_crash
it_01330,"Hi, Half my order was missing, no milk at all",2026-09-04T10:11:34+00:00,missing_items
it_01331,The app force closes every time I try to check out,2026-09-04T10:12:12+00:00,app_crash
it_01332,Still waiting on my refund of $24.50 from two weeks ago,2026-09-04T10:18:11+00:00,refund_delay
it_01333,"Hey team, Items missing from my FreshMart delivery: the sauce Any update?",2026-09-04T10:18:14+00:00,missing_items
it_01334,"Hello, Delivery took an hour longer than the estimate Fix this please.",2026-09-04T10:19:53+00:00,late_delivery
it_01335,"UREGNT: Cold meal, clearly sat somewhere for a long time Any update?",2026-09-04T10:20:36+00:00,cold_food
it_01336,URGENT: App freezes and then crashes when I search for Pizza Palace Please help!,2026-09-04T10:21:17+00:00,app_crash
it_01337,"Hey team, Order was supposed to arrive at noon, came an hour late Please help!",2026-09-04T10:31:40+00:00,late_delivery
it_01338,"Hi, The app just quits when I open my order history Fix this please.",2026-09-04T10:32:19+00:00,app_crash
it_01339,"Hi, The app force closes every time I try to check out Any update?",2026-09-04T10:33:42+00:00,app_crash
it_01340,the soup was cold and the fries were soggy any update?,2026-09-04T10:36:56+00:00,cold_food
it_01341,"Hi, Why does every order from Pizza Palace show up two hours late? Very frustrating.",2026-09-04T10:41:53+00:00,late_delivery
it_01342,"hi, everything was lukewarm when it got here plaese help!",2026-09-04T10:46:40+00:00,cold_food
it_01343,The app force closes every time I try to check out This is the second time.,2026-09-04T10:52:09+00:00,app_crash
it_01344,The app force closes every time I try to check out Please help!,2026-09-04T10:58:19+00:00,app_crash
it_01345,"half the order was not in the delivery, please refund Any update?",2026-09-04T10:59:53+00:00,missing_items
it_01346,"Hey team, Crashes on startup, can't use it at all on OnePlus 12 This is the second time.",2026-09-04T11:00:59+00:00,app_crash
it_01347,Driver was two horus late and the food was cold Very frustrating.,2026-09-04T11:04:13+00:00,late_delivery
it_01348,refund was approved but i haven't received $24.50 yet,2026-09-04T11:04:25+00:00,refund_delay
it_01349,my pizza was ice cold on arrival very frustrating.,2026-09-04T11:06:09+00:00,cold_food
it_01350,"Hi, Driver was rude on the phone and hung up on me",2026-09-04T11:06:14+00:00,driver_rude
it_01351,URGENT: Keeps crashing when I tap on the cart Fix this please.,2026-09-04T11:08:05+00:00,app_crash
it_01352,driver was an hour late and the food was cold please help!,2026-09-04T11:13:34+00:00,late_delivery
it_01353,"Hi, Where is my refund? It's been 10 days Very frustrating.",2026-09-04T11:16:02+00:00,refund_delay
it_01354,"hi, food from freshmart arrived cold any update?",2026-09-04T11:17:19+00:00,cold_food
it_01355,"Hey team, Since version 7.2 the app closes immediately on launch Fix this please.",2026-09-04T11:24:22+00:00,app_crash
it_01356,"Hello, App freezes and then crashes when I search for FreshMart Please help!",2026-09-04T11:26:24+00:00,app_crash
it_01357,"Hi, App freezes and then crashes when I search for GreenLeaf Please help!",2026-09-04T11:26:41+00:00,app_crash
it_01358,"hi, my order from pizza palace was missing half the order any update?",2026-09-04T11:29:59+00:00,missing_items
it_01359,"hi, extremely late delivery again, two hours behind schedule any update?",2026-09-04T11:30:26+00:00,late_delivery
it_01360,constant crashes after the update to ios 18 very frustrating.,2026-09-04T11:35:54+00:00,app_crash
it_01361,food from freshmart arrived cold,2026-09-04T11:36:48+00:00,cold_food
it_01362,"help! crashes on startup, can't use it at all on pixel 8 any upadte?",2026-09-04T11:37:29+00:00,app_crash
it_01363,"Hey team, Keeps crashing when I tap on the cart",2026-09-04T11:37:54+00:00,app_crash
it_01364,"hi, constant crashes after the update to the latest update thanks.",2026-09-04T11:40:04+00:00,app_crash
it_01365,"hey team, bag arrived without milk even though i paid for it thanks.",2026-09-04T11:41:15+00:00,missing_items
it_01366,My $12.99 refund still hasn't shown up on my card,2026-09-04T11:43:32+00:00,refund_delay
it_01367,"URGENT: Crashes on startup, can't use it at all on OnePlus 12 Any update?",2026-09-04T11:53:46+00:00,app_crash
it_01368,Help! Keeps crashing when I tap on the cart Please help!,2026-09-04T11:54:23+00:00,app_crash
it_01369,Help! The app force closes every time I try to check out Any update?,2026-09-04T11:55:10+00:00,app_crash
it_01370,constant crashes after the update to the latest update please help!,2026-09-04T12:02:35+00:00,app_crash
it_01371,"Ugh. Crashes on startup, can't use it at all on iPad",2026-09-04T12:05:44+00:00,app_crash
it_01372,Help! Keeps crashing when I tap on the cart,2026-09-04T12:06:33+00:00,app_crash
it_01373,The app force closes every time I try to check out,2026-09-04T12:08:14+00:00,app_crash
it_01374,ugh. please bring back the old home screen layout thanks.,2026-09-04T12:08:17+00:00,noise
it_01375,Ugh. How long does a refund take? Waiting on $49 Very frustrating.,2026-09-04T12:13:05+00:00,refund_delay
it_01376,Refund was approved but I haven't received $9.99 yet Any update?,2026-09-04T12:17:54+00:00,refund_delay
it_01377,"Extremely late delivery again, 90 minutes behind schedule Thanks.",2026-09-04T12:18:09+00:00,late_delivery
it_01378,Ugh. Still waiting on my refund of $12.99 from two weeks ago,2026-09-04T12:23:41+00:00,refund_delay
it_01379,app crashes as soon as i open it on my pixel 8,2026-09-04T12:23:45+00:00,app_crash
it_01380,"Hi, Keeps crashing when I tap on the cart Thanks.",2026-09-04T12:25:20+00:00,app_crash
it_01381,App crashes as soon as I open it on my OnePlus 12 Very frustrating.,2026-09-04T12:28:22+00:00,app_crash
it_01382,Driver was two hours late and the food was cold Please help!,2026-09-04T12:30:23+00:00,late_delivery
it_01383,Help! The app force closes every time I try to check out This is the second time.,2026-09-04T12:31:36+00:00,app_crash
it_01384,"hello, the app just quits when i open my order history this is the second time.",2026-09-04T12:31:45+00:00,app_crash
it_01385,Help! The app just quits when I open my order history,2026-09-04T12:32:29+00:00,app_crash
it_01386,help! app freezes and then crashes when i search for freshmart very frustrating.,2026-09-04T12:40:36+00:00,app_crash
it_01387,"hey team, my drinks was not in the delivery, please refund please help!",2026-09-04T12:41:09+00:00,missing_items
it_01388,help! paid for half the order but it never came in the bag any pudate?,2026-09-04T12:41:28+00:00,missing_items
it_01389,"hey team, constant crashes after the update to ios 18 very frustrating.",2026-09-04T12:45:54+00:00,app_crash
it_01390,hte app just quits when i open my order history,2026-09-04T12:53:51+00:00,app_crash
it_01391,Since version 7.2 hte app closes immediately on launch Fix this please.,2026-09-04T13:02:53+00:00,app_crash
it_01392,ugh. since ios 18 the app closes immediately on launch fix this please.,2026-09-04T13:03:06+00:00,app_crash
it_01393,help! never got the refund fro my cancelled order please help!,2026-09-04T13:05:42+00:00,refund_delay
it_01394,"hey team, order was supposed to arrive at noon, came two hours late",2026-09-04T13:07:34+00:00,late_delivery
it_01395,driver was an hour late and the food was cold this is the second time.,2026-09-04T13:09:11+00:00,late_delivery
it_01396,"order was supposed to arrive at noon, came 40 minutes late this is the second time.",2026-09-04T13:09:52+00:00,late_delivery
it_01397,"Hey team, Constant crashes after the update to the latest update Thanks.",2026-09-04T13:10:46+00:00,app_crash
it_01398,Help! Food from GreenLeaf arrived cold Thanks.,2026-09-04T13:13:07+00:00,cold_food
it_01399,App freezes and then crashes when I search for GreenLeaf Very frustrating.,2026-09-04T13:21:14+00:00,app_crash
it_01400,Keeps crashing when I tap on the cart,2026-09-04T13:23:36+00:00,app_crash
it_01401,"hello, why does every order from freshmart show up 90 minutes late? very frustrating.",2026-09-04T13:27:47+00:00,late_delivery
it_01402,Since iOS 18 the app closes immediately on launch,2026-09-04T13:32:27+00:00,app_crash
it_01403,Driver was 40 minutes late and the food was ocld This is the second time.,2026-09-04T13:36:30+00:00,late_delivery
it_01404,"Hello, Hot food arrived completely cold again",2026-09-04T13:36:35+00:00,cold_food
it_01405,urgent: the app force closes every time i try to check out please help!,2026-09-04T13:37:18+00:00,app_crash
it_01406,Ugh. They forgot the salad again in my order,2026-09-04T13:44:02+00:00,missing_items
it_01407,Since version 7.2 the app closes immediately on launch,2026-09-04T13:45:08+00:00,app_crash
it_01408,ugh. keeps crashing when i tap on the cart,2026-09-04T13:47:04+00:00,app_crash
it_01409,Ugh. Constant crashes after the update to version 7.2,2026-09-04T13:48:01+00:00,app_crash
it_01410,"Hey team, Everything was lukewarm when it got here This is the second time.",2026-09-04T13:49:42+00:00,cold_food
it_01411,Keeps crasihng when I tap on the cart Any update?,2026-09-04T13:52:33+00:00,app_crash
it_01412,ugh. keeps crashing when i tap on the cart please help!,2026-09-04T13:53:08+00:00,app_crash
it_01413,help! app freezes and then crashes when i search for pizza palace fix this please.,2026-09-04T13:53:11+00:00,app_crash
it_01414,"Hi, The app just quits when I open my order history Very frustrating.",2026-09-04T13:53:17+00:00,app_crash
it_01415,URGENT: My order from GreenLeaf was missing the salda Fix this please.,2026-09-04T13:56:48+00:00,missing_items
it_01416,"hey team, since ios 18 the app closes immediately on launch please help!",2026-09-04T13:56:48+00:00,app_crash
it_01417,"Hello, App freezes and then crashes when I search for Pizza Palace",2026-09-04T13:58:20+00:00,app_crash
it_01418,"Hey team, App freezes and then crashes when I search for the corner bakery Thanks.",2026-09-04T14:00:25+00:00,app_crash
it_01419,Constant crashes after the update to iOS 18 Any update?,2026-09-04T14:02:28+00:00,app_crash
it_01420,"hello, the app just quits when i open my order history any update?",2026-09-04T14:04:20+00:00,app_crash
it_01421,"Hey team, App crashes as soon as I open it on my iPhone 15",2026-09-04T14:05:19+00:00,app_crash
it_01422,"hey team, keeps crashing when i tap on the cart any update?",2026-09-04T14:07:55+00:00,app_crash
it_01423,App freezes and then crashes when I search for Pizza Palace,2026-09-04T14:07:56+00:00,app_crash
it_01424,help! app freezes and then crashes when i search for pizza palace,2026-09-04T14:08:33+00:00,app_crash
it_01425,"Cold meal, clearly sat somewhere for a long time Very frustrating.",2026-09-04T14:16:31+00:00,cold_food
it_01426,App freezes and then crashes when I search for the corner bakery Any update?,2026-09-04T14:20:17+00:00,app_crash
it_01427,"URGENT: Order from FreshMart was cold, not acceptable Any update?",2026-09-04T14:20:48+00:00,cold_food
it_01428,"urgent: you promised a refund in 3 days, it's been wto weeks any update?",2026-09-04T14:22:04+00:00,refund_delay
it_01429,"Hi, Food temperature was terrible, all cold This is the second time.",2026-09-04T14:29:17+00:00,cold_food
it_01430,"hello, keeps crashing when i tap on the cart",2026-09-04T14:36:22+00:00,app_crash
it_01431,Ugh. Bag arrived without the dessert even though I paid for it,2026-09-04T14:36:58+00:00,missing_items
it_01432,Ugh. Keeps crashing when I tap on the cart Please help!,2026-09-04T14:39:48+00:00,app_crash
it_01433,"hi, refund status says processed but no money back",2026-09-04T14:40:19+00:00,refund_delay
it_01434,Since the latest update the app closes immediately on launch Any update?,2026-09-04T14:41:16+00:00,app_crash
it_01435,Ugh. App crashes as soon as I open it on my iPad,2026-09-04T14:42:37+00:00,app_crash
it_01436,The app just quits when I open my order history Fix this please.,2026-09-04T14:44:30+00:00,app_crash
it_01437,"Hey team, Refund was approved but I haven't received $31.20 yet Any update?",2026-09-04T14:45:28+00:00,refund_delay
it_01438,Hot food arrived completely cold again Thanks.,2026-09-04T14:46:30+00:00,cold_food
it_01439,URGENT: Never got the refund for my cancelled order Please help!,2026-09-04T14:49:18+00:00,refund_delay
it_01440,"Cold meal, clearly sat somewhere for a long time Any update?",2026-09-04T14:49:55+00:00,cold_food
it_01441,"Hi, Items missing from my Sushi Go delivery: the salad This is the second time.",2026-09-04T14:50:06+00:00,missing_items
it_01442,"Hey team, Courier yelled at me because the building was hard to find Please help!",2026-09-04T14:51:52+00:00,driver_rude
it_01443,help! the app just quits when i open my order history thanks.,2026-09-04T14:52:28+00:00,app_crash
it_01444,"Hi, Paid for the salda but it never came in the bag",2026-09-04T14:55:18+00:00,missing_items
it_01445,"Hello, The app just quits when I open my order history",2026-09-04T15:04:26+00:00,app_crash
it_01446,"Hello, Extremely late delivery again, an hour behind schedule Please help!",2026-09-04T15:05:05+00:00,late_delivery
it_01447,since ios 18 the app closes immediately on launch this is the second time.,2026-09-04T15:06:56+00:00,app_crash
it_01448,App crashes as soon as I open it on my OnePlus 12 Thanks.,2026-09-04T15:10:11+00:00,app_crash
it_01449,Ugh. App freezes and then crashes when I search for the corner bakery Please help!,2026-09-04T15:10:54+00:00,app_crash
it_01450,delivery took 45 minutes longer than the estimate any update?,2026-09-04T15:22:21+00:00,late_delivery
it_01451,"Hi, Keeps crashing when I tap on the cart Please help!",2026-09-04T15:24:56+00:00,app_crash
it_01452,Ugh. Delivery took 90 minutes longer than the estimate Very furstrating.,2026-09-04T15:25:09+00:00,late_delivery
it_01453,Ugh. The app force closes every time I try to check out Tahnks.,2026-09-04T15:28:52+00:00,app_crash
it_01454,The app just quits when I open my order history,2026-09-04T15:33:10+00:00,app_crash
it_01455,"Hi, Where is my refund? It's been 10 days",2026-09-04T15:34:32+00:00,refund_delay
it_01456,Ugh. Received the order but the dessert was left out,2026-09-04T15:35:39+00:00,missing_items
it_01457,Since version 7.2 the app closes immediately on launch Any update?,2026-09-04T15:38:29+00:00,app_crash
it_01458,Driver was an hour alte and the food was cold,2026-09-04T15:44:08+00:00,late_delivery
it_01459,the app force closes every time i try to check out,2026-09-04T15:50:22+00:00,app_crash
it_01460,URGENT: Where is my refund? It's been 10 days Any update?,2026-09-04T15:53:01+00:00,refund_delay
it_01461,"hi, since version 7.2 the app closes immediately no launch fix this please.",2026-09-04T15:57:52+00:00,app_crash
it_01462,URGENT: Never got the refund for my cancelled order Fix this please.,2026-09-04T16:05:38+00:00,refund_delay
it_01463,"Hello, Still waiting on my refund of $31.20 from two weeks ago Fix this please.",2026-09-04T16:15:01+00:00,refund_delay
it_01464,My order form Pizza Palace was missing the salad Thanks.,2026-09-04T16:17:20+00:00,missing_items
it_01465,"URGENT: Crashes on startup, can't use it at all on Galaxy S23 Please help!",2026-09-04T16:21:27+00:00,app_crash
it_01466,URGENT: The app force closes every time I try to check out Any update?,2026-09-04T16:25:26+00:00,app_crash
it_01467,"Hey team, Refund was approved but I haven't received $24.50 yet Very frustraitng.",2026-09-04T16:35:21+00:00,refund_delay
it_01468,URGENT: App crashes as soon as I open it on my iPhone 15 Thanks.,2026-09-04T16:35:42+00:00,app_crash
it_01469,Ugh. Waited 45 minutes past the delivery window for Pizza Palace Please help!,2026-09-04T16:36:01+00:00,late_delivery
it_01470,URGENT: Food from the corner bakery arrived cold Thanks.,2026-09-04T16:36:06+00:00,cold_food
it_01471,"Hi, The app just quits when I open my order history",2026-09-04T16:38:42+00:00,app_crash
it_01472,"Hello, Keeps crashing hwen I tap on the cart Fix this please.",2026-09-04T16:39:58+00:00,app_crash
it_01473,Help! They forgot milk again in my order,2026-09-04T16:42:20+00:00,missing_items
it_01474,"Hi, The app just quits when I open my order history",2026-09-04T16:47:39+00:00,app_crash
it_01475,"Hey team, Keeps crasihng when I tap on the cart",2026-09-04T16:51:44+00:00,app_crash
it_01476,How do I update my email address? Thanks.,2026-09-04T16:56:31+00:00,noise
it_01477,Delivery took 90 minutes longer than the estimate Very frustrating.,2026-09-04T16:58:50+00:00,late_delivery
it_01478,"Help! Order from GreenLeaf was cold, not acceptable Thanks.",2026-09-04T17:00:05+00:00,cold_food
it_01479,"Hello, App crashes as soon as I open it on my Pixel 8 Any update?",2026-09-04T17:00:45+00:00,app_crash
it_01480,URGENT: App crashes as soon as I open it on my iPad Fix this please.,2026-09-04T17:06:59+00:00,app_crash
it_01481,the driver was extremely rude to me at the door,2026-09-04T17:11:27+00:00,driver_rude
it_01482,the app force closes every time i try to check out thanks.,2026-09-04T17:11:30+00:00,app_crash
it_01483,Help! App freezes and then crashes when I search for Pizza Palace Very frustrating.,2026-09-04T17:11:55+00:00,app_crash
it_01484,Ugh. Since Android 15 the app closes immediately on launch,2026-09-04T17:13:10+00:00,app_crash
it_01485,Help! The app force closes every time I try to check out Thanks.,2026-09-04T17:14:30+00:00,app_crash
it_01486,"Hi, Keeps crashing when I tap on the cart Please help!",2026-09-04T17:20:58+00:00,app_crash
it_01487,"URGENT: Order from Pizza Palaec was cold, not acceptable",2026-09-04T17:23:45+00:00,cold_food
it_01488,Delivery took an hour longer than the estimate Fix this please.,2026-09-04T17:25:59+00:00,late_delivery
it_01489,"Hello, Is the app accessible wiht screen readers? Thanks.",2026-09-04T17:27:04+00:00,noise
it_01490,Since Android 15 the app closes immediately on launch,2026-09-04T17:35:55+00:00,app_crash
it_01491,My $9.99 refund still hasn't shown up on my card,2026-09-04T17:41:18+00:00,refund_delay
it_01492,The app just quits when I open my order history Very frustrating.,2026-09-04T17:50:10+00:00,app_crash
it_01493,help! app freezes and then crashes when i search for pizza palace thanks.,2026-09-04T17:52:24+00:00,app_crash
it_01494,URGENT: My $49 refund still hasn't shown up on my card Please help!,2026-09-04T17:52:54+00:00,refund_delay
it_01495,ugh. constant crashes after the update to the latest update,2026-09-04T17:54:05+00:00,app_crash
it_01496,the app just quits when i open my order history any update?,2026-09-04T17:54:25+00:00,app_crash
it_01497,"Hey team, App crashes as soon as I open it on my Pixel 8",2026-09-04T18:02:02+00:00,app_crash
it_01498,URGENT: App crashes as soon as I open it on my iPad Please help!,2026-09-04T18:02:26+00:00,app_crash
it_01499,My pizza was ice cold on arrival Thanks.,2026-09-04T18:03:19+00:00,cold_food
it_01500,"URGENT: Crashes on startup, can't use it at all on iPhone 15 Very frustrating.",2026-09-04T18:04:48+00:00,app_crash
it_01501,"Hello, App crashes as soon as I open it on ym Pixel 8",2026-09-04T18:06:34+00:00,app_crash
it_01502,URGENT: App crashes as soon as I open it on my Pixel 8,2026-09-04T18:07:03+00:00,app_crash
it_01503,"hi, the app force closes every time i try to check out this is the second time.",2026-09-04T18:15:36+00:00,app_crash
it_01504,Constant crashes after the update to Android 15 Please help!,2026-09-04T18:18:30+00:00,app_crash
it_01505,"Hi, Extremely late delivery again, two hours behind schedule",2026-09-04T18:28:05+00:00,late_delivery
it_01506,"Ugh. Order was supposed to arrive at noon, came an hour late Very frustrating.",2026-09-04T18:28:09+00:00,late_delivery
it_01507,"Hey team, Keeps crashing when I tap on the cart",2026-09-04T18:41:39+00:00,app_crash
it_01508,URGENT: Never got the refund for my cancelled order,2026-09-04T18:41:52+00:00,refund_delay
it_01509,"crashes on startup, can't use it at all on oneplus 12",2026-09-04T18:43:21+00:00,app_crash
it_01510,do drivres get the full tip? thanks.,2026-09-04T18:43:45+00:00,noise
it_01511,Help! Hot food arrived completely cold again,2026-09-04T18:44:17+00:00,cold_food
it_01512,"Hey team, the salad was not in the delivery, please refund Fix this please.",2026-09-04T18:51:03+00:00,missing_items
it_01513,Help! Received the order but milk was left out Very frustrating.,2026-09-04T18:57:01+00:00,missing_items
it_01514,Since the latest update the app closes immediately on launch This is the second time.,2026-09-04T18:58:12+00:00,app_crash
it_01515,Help! What are your customer service hours? Any update?,2026-09-04T18:58:18+00:00,noise
it_01516,"Hi, Keeps carshing when I tap on the cart Fix this please.",2026-09-04T19:01:06+00:00,app_crash
it_01517,ugh. everything was lukewarm when it got here,2026-09-04T19:02:58+00:00,cold_food
it_01518,"Hello, Can restaurants see my order history? Any update?",2026-09-04T19:06:30+00:00,noise
it_01519,URGENT: Since the latest update the app closes immediately on launch This is the secnod time.,2026-09-04T19:07:36+00:00,app_crash
it_01520,"Hey team, My order from Sushi Go was missing my drinks Thanks.",2026-09-04T19:15:43+00:00,missing_items
it_01521,help! the app force closes every time i try to check out please help!,2026-09-04T19:16:50+00:00,app_crash
it_01522,Ugh. App freezes and thne crashes when I search for Pizza Palace,2026-09-04T19:25:11+00:00,app_crash
it_01523,urgent: keeps crashing when i tap on the cart,2026-09-04T19:26:11+00:00,app_crash
it_01524,Help! Since iOS 18 the app closes immediately on luanch,2026-09-04T19:29:03+00:00,app_crash
it_01525,"Crashes on startup, can't use it at all on iPad Please help!",2026-09-04T19:34:55+00:00,app_crash
it_01526,Help! Bag arrived without the sauce even though I paid for it Any update?,2026-09-04T19:38:17+00:00,missing_items
it_01527,"Ugh. Extremely late delivery again, 40 minutes behind schedule",2026-09-04T19:41:22+00:00,late_delivery
it_01528,urgent: app freezes and then crashes when i search for the corner bakery thanks.,2026-09-04T19:51:20+00:00,app_crash
it_01529,help! items missing from my sushi go delivery: the dessert any update?,2026-09-04T19:53:45+00:00,missing_items
it_01530,"hi, why does every order from freshmart show up 45 minutes late? this is the second time.",2026-09-04T19:56:39+00:00,late_delivery
it_01531,Help! The ETA kept moving and my order showed up an hour after it was promised Please help!,2026-09-04T19:58:31+00:00,late_delivery
it_01532,"Hey team, Why does every order from Pizza Palace show up an hour late? Thanks.",2026-09-04T20:02:25+00:00,late_delivery
it_01533,the app just quits when i open my order history please help!,2026-09-04T20:05:36+00:00,app_crash
it_01534,"Hello, The ETA kept moving and my order showed up 90 minutes after it was promised Please help!",2026-09-04T20:11:25+00:00,late_delivery
it_01535,Keeps crashing when I tap on the cart Thanks.,2026-09-04T20:21:16+00:00,app_crash
it_01536,"help! crashes on startup, can't use it at all on galaxy s23",2026-09-04T20:23:04+00:00,app_crash
it_01537,"Hey team, Received the order but half the order was left out",2026-09-04T20:26:58+00:00,missing_items
it_01538,ugh. everything was lukewarm when it got here thanks.,2026-09-04T20:38:36+00:00,cold_food
it_01539,urgent: the app force lcoses every time i try to check out any update?,2026-09-04T20:44:23+00:00,app_crash
it_01540,"Hey team, App freezes and then crashes when I search for Sushi Go",2026-09-04T20:48:25+00:00,app_crash
it_01541,"hey team, delivery took 45 mniutes longer than the estimate",2026-09-04T20:48:53+00:00,late_delivery
it_01542,"Hey team, Why does every order from Pizza Palace show up two hours late? Very frustrating.",2026-09-04T20:49:28+00:00,late_delivery
it_01543,"Help! Crashes on startup, can't use it at all on OnePlus 12",2026-09-04T21:00:21+00:00,app_crash
it_01544,"Ugh. Crashes on startup, can't use it at all on Pixel 8 Thanks.",2026-09-04T21:01:39+00:00,app_crash
it_01545,"Hello, App freezes and then crashes when I search for Pizza Palace",2026-09-04T21:06:17+00:00,app_crash
it_01546,urgent: food from greenleaf arrived cold please help!,2026-09-04T21:08:47+00:00,cold_food
it_01547,"Order from Pizza Palace was cold, not acceptable This is the second time.",2026-09-04T21:09:32+00:00,cold_food
it_01548,Ugh. My order from GreenLeaf was missing my drinks Please help!,2026-09-04T21:13:20+00:00,missing_items
it_01549,The app force closes every time I try to check out Please help!,2026-09-04T21:16:30+00:00,app_crash
it_01550,"Hey team, Keeps crashing when I tap on the cart",2026-09-04T21:16:49+00:00,app_crash
it_01551,URGENT: Never got hte refund for my cancelled order,2026-09-04T21:30:09+00:00,refund_delay
it_01552,"Hello, Still waiting on my refund of $9.99 from two weeks ago Any update?",2026-09-04T21:32:41+00:00,refund_delay
it_01553,"Hello, App crashes as soon as I open it on my OnePlus 12 Fix this please.",2026-09-04T21:42:39+00:00,app_crash
it_01554,"hey team, crashes no startup, can't use it at all on oneplus 12",2026-09-04T21:46:27+00:00,app_crash
it_01555,"Hey team, Constant crashes after the update to iOS 18 This is the second time.",2026-09-04T21:47:51+00:00,app_crash
it_01556,the eta kept moving and my order showed up two hours after it was promised please help!,2026-09-04T21:48:25+00:00,late_delivery
it_01557,urgent: my order from pizza palace arrived 40 minutes late any update?,2026-09-04T21:49:24+00:00,late_delivery
it_01558,"Hi, Since Android 15 the app closes immediately on launch",2026-09-04T21:51:33+00:00,app_crash
it_01559,Keeps crashing when I tap on the cart Please help!,2026-09-04T21:52:43+00:00,app_crash
it_01560,ugh. the driver was extremely rude to me at the door any update?,2026-09-04T21:53:45+00:00,driver_rude
it_01561,"Hey team, Extremely late delivery again, 45 minutes behind schedule",2026-09-04T21:54:40+00:00,late_delivery
it_01562,App crashes as soon as I open it on my OnePlus 12,2026-09-04T21:57:45+00:00,app_crash
it_01563,"Crashes on startup, can't use it at all on iPhone 15 Fix this please.",2026-09-04T22:06:42+00:00,app_crash
it_01564,Help! The ETA kept moving and my order showed up two hours after it was promised,2026-09-04T22:06:50+00:00,late_delivery
it_01565,"food temperature was terrible, all cold very frustrating.",2026-09-04T22:08:28+00:00,cold_food
it_01566,Help! My order from GreenLeaf arrived 45 minutes late Very frustrating.,2026-09-04T22:12:50+00:00,late_delivery
it_01567,"hi, food from the corner bakery arrievd cold thanks.",2026-09-04T22:17:59+00:00,cold_food
it_01568,The app just quits when I open my order history,2026-09-04T22:19:35+00:00,app_crash
it_01569,"Hello, rCashes on startup, can't use it at all on iPhone 15",2026-09-04T22:19:57+00:00,app_crash
it_01570,Teh driver was extremely rude to me at the door,2026-09-04T22:23:01+00:00,driver_rude
it_01571,help! driver was rude on the phone and hung up on me htis is the second time.,2026-09-04T22:27:05+00:00,driver_rude
it_01572,"hey team, my $12.99 refund still hasn't shown up on my card any update?",2026-09-04T22:31:17+00:00,refund_delay
it_01573,refund was aprpoved but i haven't received $12.99 yet,2026-09-04T22:34:17+00:00,refund_delay
it_01574,"Hey team, My order from Pizza Palace arrived 45 minutes late",2026-09-04T22:39:00+00:00,late_delivery
it_01575,app crashes as soon as i open it on my ipad fix this please.,2026-09-04T22:40:48+00:00,app_crash
it_01576,App crashes as soon as I open it on my iPhone 15 Please help!,2026-09-04T22:42:25+00:00,app_crash
it_01577,Ugh. Waited 90 minutes past the delivery window for Pizza Palace Very frustrating.,2026-09-04T22:43:18+00:00,late_delivery
it_01578,URGENT: Constant crashes after the update to the latest update Very frustrating.,2026-09-04T22:51:40+00:00,app_crash
it_01579,Paid for half the order but it never came in the bag,2026-09-04T22:54:51+00:00,missing_items
it_01580,Waited 40 minutes past the delivery window for Pizza Palace This is the second time.,2026-09-04T22:54:59+00:00,late_delivery
it_01581,URGENT: Paid for milk but it never came in the bag Any update?,2026-09-04T22:57:04+00:00,missing_items
it_01582,URGENT: The app just quits when I open my order history Please help!,2026-09-04T22:57:48+00:00,app_crash
it_01583,Help! My pizza was ice cold on arrival Please help!,2026-09-04T22:58:33+00:00,cold_food
it_01584,"Hi, Keeps crashing when I tap on the cart Any update?",2026-09-04T23:00:00+00:00,app_crash
it_01585,"Help! Very unprofessional driver, swore at me",2026-09-04T23:01:56+00:00,driver_rude
it_01586,help! app crashes as soon as i open it on my pixel 8,2026-09-04T23:12:52+00:00,app_crash
it_01587,"Hello, App freezes and then crashes when I search for Pizza Palace This is the second time.",2026-09-04T23:13:56+00:00,app_crash
it_01588,The app force closes every time I try to check out This is the second itme.,2026-09-04T23:16:13+00:00,app_crash
it_01589,"Hi, Food from Sushi Go arrived cold Any update?",2026-09-04T23:21:30+00:00,cold_food
it_01590,Ugh. Items missing from my the corner bakery delivery: the salad Very frustrating.,2026-09-04T23:26:07+00:00,missing_items
it_01591,Never got the refund for my cancelled order Fix this please.,2026-09-04T23:28:34+00:00,refund_delay
it_01592,"Hi, The app force closes every time I try to check out",2026-09-04T23:29:18+00:00,app_crash
it_01593,"Hello, My order from Pizza Palace was missing my drinks",2026-09-04T23:31:10+00:00,missing_items
it_01594,the app force closes every time i try to check out very frustrating.,2026-09-04T23:32:48+00:00,app_crash
it_01595,My $24.50 refund still hasn't shown up on my card Fix this please.,2026-09-04T23:35:02+00:00,refund_delay
it_01596,App freezes and then crashes when I search for GreenLeaf Thanks.,2026-09-04T23:35:50+00:00,app_crash
it_01597,"Hello, The app force closes every time I try to check out Please help!",2026-09-04T23:37:01+00:00,app_crash
it_01598,"help! order was suppsoed to arrive at noon, came an hour late please help!",2026-09-04T23:38:45+00:00,late_delivery
it_01599,Help! The app force closes every time I try to check out This is the second time.,2026-09-04T23:39:58+00:00,app_crash
it_01600,"Extremely late delivery again, 45 minutes behind schedule Any update?",2026-09-04T23:42:30+00:00,late_delivery
it_01601,Keeps crashing when I tap on the cart Any update?,2026-09-04T23:46:06+00:00,app_crash
it_01602,"Hi, App crashes as soon as I open it on my iPad Any update?",2026-09-04T23:47:13+00:00,app_crash
it_01603,"hello, constant crashes after the update to android 15",2026-09-04T23:48:54+00:00,app_crash
it_01604,"Hi, The app just quits when I open my order history",2026-09-04T23:49:27+00:00,app_crash
it_01605,"hi, the eta kept moving and my order showed up two hours after it was promised very frustrating.",2026-09-04T23:51:31+00:00,late_delivery
it_01606,help! constant crashes after the update to the latest update any update?,2026-09-04T23:54:34+00:00,app_crash
it_01607,Ugh. Keeps crashing when I tap on the cart Very frustrating.,2026-09-04T23:56:02+00:00,app_crash
it_01608,"crashes on startup, can't use it at all on ipad thanks.",2026-09-05T00:09:14+00:00,app_crash
it_01609,"Hello, My order from FreshMart was missing the dessert Very frustrating.",2026-09-05T00:11:09+00:00,missing_items
it_01610,"Hello, App crashes as soon as I open it on my iPhone 15 Any update?",2026-09-05T00:16:25+00:00,app_crash
it_01611,"Hey team, Everything was lukewarm when it got here Very frustrating.",2026-09-05T00:20:57+00:00,cold_food
it_01612,where is my erfund? it's been 10 days,2026-09-05T00:27:05+00:00,refund_delay
it_01613,"Hi, Delivery person was disrespectful and threw the bag",2026-09-05T00:27:40+00:00,driver_rude
it_01614,Keeps crashing when I tap on the cart This is the second time.,2026-09-05T00:30:45+00:00,app_crash
it_01615,"Hi, Keeps crashing when I tap on the cart Fix this please.",2026-09-05T00:39:44+00:00,app_crash
it_01616,The ETA kept moving and my order showed up two hours after it was promised,2026-09-05T00:39:53+00:00,late_delivery
it_01617,"help! order was supposed to arrive at noon, came two hours late very frustrating.",2026-09-05T00:57:52+00:00,late_delivery
it_01618,"Hi, App crashes as soon as I open it on my Pixel 8 Thanks.",2026-09-05T01:01:40+00:00,app_crash
it_01619,"Ugh. Extremely late delivery again, 40 minutes behind schedule Any update?",2026-09-05T01:01:43+00:00,late_delivery
it_01620,Still waiting on my refund of $49 from two weeks ago Thanks.,2026-09-05T01:05:51+00:00,refund_delay
it_01621,App freezes and then crashes when I search for the corner bakery This is the second time.,2026-09-05T01:09:58+00:00,app_crash
it_01622,"crashes on startup, can't use it at all on ipad this is the second time.",2026-09-05T01:11:32+00:00,app_crash
it_01623,"Hey team, The app just quits when I open my order history Any update?",2026-09-05T01:12:18+00:00,app_crash
it_01624,"Hey team, Received the order but half the order was left out Very frustrating.",2026-09-05T01:14:56+00:00,missing_items
it_01625,"URGENT: Food temperature was terrible, all cold",2026-09-05T01:16:40+00:00,cold_food
it_01626,Ugh. Since iOS 18 the app closes immediately on launch Please help!,2026-09-05T01:17:58+00:00,app_crash
it_01627,"Hey team, App freezes and then crashes when I search for FreshMart Fix this please.",2026-09-05T01:19:13+00:00,app_crash
it_01628,"Hello, Keeps crashing wehn I tap on the cart",2026-09-05T01:23:53+00:00,app_crash
it_01629,"Order from GreenLeaf was cold, not acecptable",2026-09-05T01:24:18+00:00,cold_food
it_01630,saved addresses disappeared after the update any update?,2026-09-05T01:24:46+00:00,address_bug
it_01631,urgent: the app just quits when i open my order history,2026-09-05T01:39:51+00:00,app_crash
it_01632,"Help! Order from Pizza Palace was cold, not acceptable",2026-09-05T01:40:11+00:00,cold_food
it_01633,"Hi, The app force closes evrey time I try to check out",2026-09-05T01:43:03+00:00,app_crash
it_01634,Help! Why does every order from FreshMart show up 45 minutes late? Fix this please.,2026-09-05T01:46:04+00:00,late_delivery
it_01635,"hi, the app just quits when i open my order history very frustrating.",2026-09-05T01:46:50+00:00,app_crash
it_01636,Hot food arrived completely cold again,2026-09-05T01:47:09+00:00,cold_food
it_01637,"Help! Extremely late delivery again, 45 minutes behind schedule",2026-09-05T01:48:26+00:00,late_delivery
it_01638,Refund status says processed but no money back Any update?,2026-09-05T01:52:22+00:00,refund_delay
it_01639,"hi, app crashes as soon as i open it on my oneplus 12 this is the second time.",2026-09-05T02:01:25+00:00,app_crash
it_01640,Help! Rude driver refused to come to my apartmetn door This is the second time.,2026-09-05T02:06:22+00:00,driver_rude
it_01641,URGENT: Why does every order from the corner bakery show up 45 minutes late? Any update?,2026-09-05T02:12:58+00:00,late_delivery
it_01642,Can't add an apartment number to my address Very frustrating.,2026-09-05T02:18:21+00:00,address_bug
it_01643,urgent: paid for milk but it never came in the bag this is the secodn time.,2026-09-05T02:24:06+00:00,missing_items
it_01644,the app just quits when i open my order history fix this please.,2026-09-05T02:31:35+00:00,app_crash
it_01645,Keeps crashing when I tap on the cart This is the second time.,2026-09-05T02:33:54+00:00,app_crash
it_01646,Help! Why does every order from the cornre bakery show up two hours late? Any update?,2026-09-05T02:40:43+00:00,late_delivery
it_01647,everything was lukewarm when it got here please help!,2026-09-05T02:40:49+00:00,cold_food
it_01648,"hey team, my order from greenleaf arrived 45 minutes late please help!",2026-09-05T02:44:17+00:00,late_delivery
it_01649,"Hey team, You promised a refund in 3 days, it's been two weeks",2026-09-05T02:56:02+00:00,refund_delay
it_01650,ugh. keeps crashing when i tap on the cart please help!,2026-09-05T03:06:54+00:00,app_crash
it_01651,"Hey team, Crashes no startup, can't use it at all on OnePlus 12",2026-09-05T03:09:55+00:00,app_crash
it_01652,Map pin is a block away from my actual address in Chicago Thanks.,2026-09-05T03:28:50+00:00,address_bug
it_01653,"help! you promised a refund ni 3 days, it's been two weeks any update?",2026-09-05T03:30:27+00:00,refund_delay
it_01654,"hi, since android 15 the app closes immediately on launch any update?",2026-09-05T03:30:35+00:00,app_crash
it_01655,Uhg. Rude driver refused to come to my apartment door Thanks.,2026-09-05T03:33:55+00:00,driver_rude
it_01656,"Hey team, Driver was two hours late and the food was cold Please help!",2026-09-05T03:35:14+00:00,late_delivery
it_01657,urgent: driver was 40 mniutes late and the food was cold,2026-09-05T03:39:29+00:00,late_delivery
it_01658,"Hello, Courier yelled at me because the building was hard to find",2026-09-05T03:46:05+00:00,driver_rude
it_01659,the app force closes every time i try to check out this is the second time.,2026-09-05T03:50:31+00:00,app_crash
it_01660,where is my refund? it's been 10 days,2026-09-05T03:51:10+00:00,refund_delay
it_01661,"Hey team, Crashes on startup, can't use it at all on Pixel 8 This is the second time.",2026-09-05T03:52:23+00:00,app_crash
it_01662,URGENT: App crashes as soon as I open it on my OnePlus 12 Fix this please.,2026-09-05T03:52:25+00:00,app_crash
it_01663,"Ugh. Food temperatrue was terrible, all cold Fix this please.",2026-09-05T03:53:14+00:00,cold_food
it_01664,Address autocomplete puts the pin in the wrong place in Portland,2026-09-05T03:59:36+00:00,address_bug
it_01665,"hello, bag arrived without half the order even thouhg i paid for it very frustrating.",2026-09-05T04:00:33+00:00,missing_items
it_01666,"Hi, Keeps crashing when I tap on the cart",2026-09-05T04:00:56+00:00,app_crash
it_01667,"Hi, The app force closes every time I try to check out Please help!",2026-09-05T04:16:06+00:00,app_crash
it_01668,Delivery took an hour longer than the estimate,2026-09-05T04:24:18+00:00,late_delivery
it_01669,Map pin is a block away from my actual address in Denver This is the second time.,2026-09-05T04:25:35+00:00,address_bug
it_01670,"You promised a refund in 3 days, it's been two weeks Fix this please.",2026-09-05T04:33:55+00:00,refund_delay
it_01671,Delivery took an hour longer than the estimate Fix this please.,2026-09-05T04:38:44+00:00,late_delivery
it_01672,"Hi, Waited 90 minutes past the delivery window for GreenLeaf Thanks.",2026-09-05T04:43:39+00:00,late_delivery
it_01673,Constant crashes after the update to version 7.2,2026-09-05T04:50:33+00:00,app_crash
it_01674,urgent: app freezes and then crashes when i search for sushi go thanks.,2026-09-05T04:50:43+00:00,app_crash
it_01675,Received the order but half the order was left out This is the second time.,2026-09-05T04:53:53+00:00,missing_items
it_01676,Ugh. Items missing from my GreenLeaf delivery: the salad,2026-09-05T04:57:45+00:00,missing_items
it_01677,"Hi, Since iOS 18 the app closes immediately on launch Thanks.",2026-09-05T04:58:37+00:00,app_crash
it_01678,"You promised a refund in 3 days, it's been two weeks Thanks.",2026-09-05T04:58:42+00:00,refund_delay
it_01679,urgent: they forgot the salad again in my order this is the second time.,2026-09-05T05:03:29+00:00,missing_items
it_01680,"Hello, Address autocomplete puts the pin in the wrong place in Portland Please help!",2026-09-05T05:08:25+00:00,address_bug
it_01681,Bag arrived without my drinks even though I paid for it Thanks.,2026-09-05T05:16:38+00:00,missing_items
it_01682,"hello, delivery took 40 minutes longer than the estimate very frustrating.",2026-09-05T05:21:39+00:00,late_delivery
it_01683,Never got the refund for my cancelled order Very frustrating.,2026-09-05T05:25:58+00:00,refund_delay
it_01684,"you promised a refund in 3 days, it's been two weeks please help!",2026-09-05T05:26:11+00:00,refund_delay
it_01685,URGENT: Refund status says processed but no money back,2026-09-05T05:34:36+00:00,refund_delay
it_01686,urgent: the eta kept moving and my order showed up 90 minutes after it was promised fix this please.,2026-09-05T05:43:08+00:00,late_delivery
it_01687,my $24.50 refund still hasn't shown up on my card very frustrating.,2026-09-05T05:47:16+00:00,refund_delay
it_01688,App crashes as soon as I open it on my OnePlus 12 Please help!,2026-09-05T05:49:41+00:00,app_crash
it_01689,Can't add an apartment number to my address This is the second time.,2026-09-05T05:52:12+00:00,address_bug
it_01690,Refund status says processed but no money back Please help!,2026-09-05T05:58:34+00:00,refund_delay
it_01691,Never got the refund for my cancelled order Fix this please.,2026-09-05T06:00:30+00:00,refund_delay
it_01692,keeps crashing when i tap on the cart please help!,2026-09-05T06:02:01+00:00,app_crash
it_01693,Ugh. The app force closes every time I try to check out,2026-09-05T06:04:14+00:00,app_crash
it_01694,urgent: the app force closes every time i try to check out this is the second time.,2026-09-05T06:05:39+00:00,app_crash
it_01695,"Hey team, App says my Boston address is uotside the delivery area but it isn't",2026-09-05T06:12:18+00:00,address_bug
it_01696,Help! The app just quits when I open my order history,2026-09-05T06:17:12+00:00,app_crash
it_01697,"hey team, my pizza was ice cold on arrival fix this please.",2026-09-05T06:17:55+00:00,cold_food
it_01698,Ugh. App crashes as soon as I open it on my iPad,2026-09-05T06:20:51+00:00,app_crash
it_01699,address autocomplete puts the pin in the wrong place in chicago,2026-09-05T06:36:16+00:00,address_bug
it_01700,It keeps changing my address back ot my old one Fix this please.,2026-09-05T06:41:25+00:00,address_bug
it_01701,ugh. constant crashes after the update to the latest update any update?,2026-09-05T06:50:11+00:00,app_crash
it_01702,"hi, refund was approved but i haven't received $9.99 yet any update?",2026-09-05T06:52:36+00:00,refund_delay
it_01703,"Order from Pizza Palace was cold, not acceptable Fix this please.",2026-09-05T07:04:34+00:00,cold_food
it_01704,"Hi, Can't add an apartment number to my address Thanks.",2026-09-05T07:13:14+00:00,address_bug
it_01705,"Hello, The app won't save my new delivery address Thanks.",2026-09-05T07:18:47+00:00,address_bug
it_01706,It keeps changing my adderss back to my old one,2026-09-05T07:18:55+00:00,address_bug
it_01707,Help! Still waiting on my refund of $49 from two weeks ago Please help!,2026-09-05T07:20:25+00:00,refund_delay
it_01708,Help! Can't add an apartment number to my address Fix this please.,2026-09-05T07:21:21+00:00,address_bug
it_01709,"You promised a refund in 3 days, it's been two weeks Any update?",2026-09-05T07:31:25+00:00,refund_delay
it_01710,URGENT: App crashes as soon as I open it on my iPad,2026-09-05T07:39:01+00:00,app_crash
it_01711,URGENT: It keeps changing my address back to my old one Thanks.,2026-09-05T07:44:19+00:00,address_bug
it_01712,"Hey team, Keeps crashing when I tap on the cart",2026-09-05T07:44:48+00:00,app_crash
it_01713,urgent: how do i delete my account? very frustrating.,2026-09-05T07:47:51+00:00,noise
it_01714,everything was lukewarm when it got here,2026-09-05T07:50:03+00:00,cold_food
it_01715,Keeps crashing when I tap on the cart Thanks.,2026-09-05T07:59:31+00:00,app_crash
it_01716,"eHy team, Keeps crashing when I tap on the cart",2026-09-05T08:05:04+00:00,app_crash
it_01717,"Hi, Address autocomplete puts the pin in the wrong place in Chicago Thanks.",2026-09-05T08:12:25+00:00,address_bug
it_01718,"Hi, The app won't save my new delivery address",2026-09-05T08:17:30+00:00,address_bug
it_01719,Since version 7.2 the app closes immdeiately on launch This is the second time.,2026-09-05T08:19:02+00:00,app_crash
it_01720,"Hello, Waited 45 minutes past the delivery window for the corner bakery Fix this please.",2026-09-05T08:24:10+00:00,late_delivery
it_01721,"hello, paid for half the order but it never came in the bag",2026-09-05T08:24:16+00:00,missing_items
it_01722,the eta kept moving and my order showed up 40 minutes after it was promised,2026-09-05T08:24:16+00:00,late_delivery
it_01723,App says my Boston address is outside the delivery area but it isn't Very frustrating.,2026-09-05T08:25:47+00:00,address_bug
it_01724,"hello, everything was lukewarm when it got here very frustrating.",2026-09-05T08:34:15+00:00,cold_food
it_01725,The ETA kept moving and my order showed up two hours after it was promised Very frustrating.,2026-09-05T08:35:22+00:00,late_delivery
it_01726,"Hey team, Order was supposed to arrive at noon, came an hour late",2026-09-05T08:46:27+00:00,late_delivery
it_01727,Everything was lukewarm when it got here Thanks.,2026-09-05T08:49:35+00:00,cold_food
it_01728,"ugh. order from the corner bakery was cold, not acceptable",2026-09-05T08:52:59+00:00,cold_food
it_01729,"hello, half my order was missing, no the salad at all",2026-09-05T08:55:16+00:00,missing_items
it_01730,Can't add an apartment number to my address Very frustrating.,2026-09-05T09:09:03+00:00,address_bug
it_01731,URGENT: The app won't save my new delivery address,2026-09-05T09:29:49+00:00,address_bug
it_01732,"Hello, Waited two hours past the delivery window for GreenLeaf Fix this please.",2026-09-05T09:35:00+00:00,late_delivery
it_01733,"Hello, Hot food arrived completely cold again",2026-09-05T09:35:39+00:00,cold_food
it_01734,URGENT: Constant crashes after the update to iOS 18 Please help!,2026-09-05T09:35:57+00:00,app_crash
it_01735,"extremely late delivery again, 90 minutes behind schedule this is the second time.",2026-09-05T09:39:35+00:00,late_delivery
it_01736,Map pin is a block away from my actual address in Portland Fix this please.,2026-09-05T09:51:05+00:00,address_bug
it_01737,saved addresses disappeared after the update,2026-09-05T09:56:53+00:00,address_bug
it_01738,Delivery address field resets every time I check out Please help!,2026-09-05T09:59:29+00:00,address_bug
it_01739,"URGENT: Carshes on startup, can't use it at all on iPhone 15 Very frustrating.",2026-09-05T10:00:52+00:00,app_crash
it_01740,Ugh. Received the order but half the order was left out Fix this please.,2026-09-05T10:05:58+00:00,missing_items
it_01741,Help! Where is my refund? It's been 10 days Fix this please.,2026-09-05T10:10:08+00:00,refund_delay
it_01742,Saved addresses disappeared after the update Please help!,2026-09-05T10:18:08+00:00,address_bug
it_01743,"Hello, Where is my refund? It's been 10 days Please help!",2026-09-05T10:18:10+00:00,refund_delay
it_01744,"Hey team, My order from Pizza Palace arrived 45 minutes late Very frustrating.",2026-09-05T10:22:39+00:00,late_delivery
it_01745,The ETA kept moving and my order showed up 45 minutes after it was promised Fix this please.,2026-09-05T10:28:39+00:00,late_delivery
it_01746,The driver was extremely rude to me at the door Any update?,2026-09-05T10:28:56+00:00,driver_rude
it_01747,"Hey team, Bag arrived without the sauce even though I paid for it Any update?",2026-09-05T10:33:11+00:00,missing_items
it_01748,"hey team, rude driver refused to come to my apartment door very frustrating.",2026-09-05T10:35:18+00:00,driver_rude
it_01749,"Hey tema, The app won't save my new delivery address This is the second time.",2026-09-05T10:39:11+00:00,address_bug
it_01750,ugh. edlivery address field resets every time i check out,2026-09-05T10:44:20+00:00,address_bug
it_01751,Ugh. Your driver was condescending and rude This is the second time.,2026-09-05T10:50:39+00:00,driver_rude
it_01752,URGENT: Delivery address field resets every time I check out Thanks.,2026-09-05T10:53:01+00:00,address_bug
it_01753,The ETA kept moving and my order showed up two hours after it was promised,2026-09-05T10:53:54+00:00,late_delivery
it_01754,it keeps changing my address back to my old one please help!,2026-09-05T10:56:17+00:00,address_bug
it_01755,Help! My order from GreenLeaf arrived 45 minutes late Very frustrating.,2026-09-05T11:00:59+00:00,late_delivery
it_01756,my order from freshmart arrived 90 minutes late,2026-09-05T11:04:30+00:00,late_delivery
it_01757,Saved addresses disappeared after the update,2026-09-05T11:05:39+00:00,address_bug
it_01758,it keeps changing my address back to my old one,2026-09-05T11:10:03+00:00,address_bug
it_01759,URGENT: Address auotcomplete puts the pin in the wrong place in Denver Any update?,2026-09-05T11:17:33+00:00,address_bug
it_01760,"Hello, Half my order was missing, no the sauce at all",2026-09-05T11:19:26+00:00,missing_items
it_01761,Help! Can't dad an apartment number to my address,2026-09-05T11:19:44+00:00,address_bug
it_01762,Help! Address autocomplete puts the pin in the wrong place in Boston This is the second time.,2026-09-05T11:20:51+00:00,address_bug
it_01763,"Hey team, Never got the refund for my cancelled order Fix this please.",2026-09-05T11:23:51+00:00,refund_delay
it_01764,saved addresses disappeared after the update,2026-09-05T11:25:53+00:00,address_bug
it_01765,Saved addresses disappeared after the update Very frustrating.,2026-09-05T11:29:55+00:00,address_bug
it_01766,"cold meal, clearly sat somewhere for a long time please help!",2026-09-05T11:31:41+00:00,cold_food
it_01767,help! the app just quits when i open my order history thanks.,2026-09-05T11:32:20+00:00,app_crash
it_01768,help! paid for the salad but it never came in the bag please help!,2026-09-05T11:45:17+00:00,missing_items
it_01769,"eHllo, Can't add an apartment number to my address",2026-09-05T11:49:19+00:00,address_bug
it_01770,bag arrived without milk even though i paid for it very frustrating.,2026-09-05T11:50:29+00:00,missing_items
it_01771,The app won't save my new delivery address Thanks.,2026-09-05T11:51:39+00:00,address_bug
it_01772,URGENT: App says my Austin address is outside the delivery area but it isn't,2026-09-05T12:03:59+00:00,address_bug
it_01773,"Hi, It keeps changing my address back to my old one Please help!",2026-09-05T12:13:16+00:00,address_bug
it_01774,"hello, saved addresses disappeared after the updtae any update?",2026-09-05T12:14:01+00:00,address_bug
it_01775,URGENT: Items missing from my Pizza Palace delivery: half the order Very frustrating.,2026-09-05T12:28:05+00:00,missing_items
it_01776,Is there a web version? Any update?,2026-09-05T12:30:27+00:00,noise
it_01777,"Hello, The app won't save my new delivery address Thanks.",2026-09-05T12:31:05+00:00,address_bug
it_01778,Help! Delivery took 45 minutes longer than the estimate Fix this please.,2026-09-05T12:31:54+00:00,late_delivery
it_01779,"Hi, Address autocomplete puts the pin in the wrong place in Portland Please help!",2026-09-05T12:33:20+00:00,address_bug
it_01780,URGETN: The app won't save my new delivery address Very frustrating.,2026-09-05T12:34:07+00:00,address_bug
it_01781,"Hi, Can't add an apartmnet number to my address Please help!",2026-09-05T12:40:41+00:00,address_bug
it_01782,"hi, address autocomplete puts teh pin in the wrong place in austin very frustrating.",2026-09-05T12:44:26+00:00,address_bug
it_01783,"hi, it keeps changing my address back to my old one very frustrating.",2026-09-05T12:45:56+00:00,address_bug
it_01784,"Hi, Map pin is a block away from my actual address in Austin Thanks.",2026-09-05T12:46:23+00:00,address_bug
it_01785,Ugh. My order from Pizza Palace was missing mlik,2026-09-05T12:53:36+00:00,missing_items
it_01786,URGENT: Saved addresses disappeared after the update Thanks.,2026-09-05T12:58:17+00:00,address_bug
it_01787,help! address autocomplete puts the pin in the wrong place in boston fix this please.,2026-09-05T13:06:42+00:00,address_bug
it_01788,Ugh. Saved addresses disappeared after the update Fix this please.,2026-09-05T13:07:37+00:00,address_bug
it_01789,"hello, app says my austin address is outside the delivery area but it isn't",2026-09-05T13:10:02+00:00,address_bug
it_01790,"Hello, App says my Chicago address is outside the delivery area but it isn't Fix this please.",2026-09-05T13:20:23+00:00,address_bug
it_01791,"Hey team, Address autocomplete puts the pin in the wrong place in Portland",2026-09-05T13:35:01+00:00,address_bug
it_01792,Food from GreenLeaf arrived cold Any update?,2026-09-05T13:39:17+00:00,cold_food
it_01793,Ugh. They forgot milk again in my order,2026-09-05T13:40:12+00:00,missing_items
it_01794,Delivery address field resets every time I check out Very frustrating.,2026-09-05T13:58:52+00:00,address_bug
it_01795,"Hi, App says my Denver address is outside the delivery area but it isn't This is the second time.",2026-09-05T14:03:03+00:00,address_bug
it_01796,How long does a refund take? Waiting on $9.99,2026-09-05T14:08:31+00:00,refund_delay
it_01797,"Hi, Delivery person was disrespectful adn threw the bag Thanks.",2026-09-05T14:19:11+00:00,driver_rude
it_01798,"Hey team, The app won't save my new delivery address Plaese help!",2026-09-05T14:24:32+00:00,address_bug
it_01799,URGENT: Address autocomplete puts the pin in the wrong place in Chicago Any update?,2026-09-05T14:25:14+00:00,address_bug
it_01800,"Hi, Addrses autocomplete puts the pin in the wrong place in Portland",2026-09-05T14:26:11+00:00,address_bug
it_01801,urgent: refund status says processed but no money back please help!,2026-09-05T14:43:03+00:00,refund_delay
it_01802,"urgent: extremely late delivery again, 40 minutes behind schedule",2026-09-05T14:52:19+00:00,late_delivery
it_01803,Ugh. It keeps changing my address back to my old one This is the second time.,2026-09-05T14:54:33+00:00,address_bug
it_01804,"Helol, Driver was 90 minutes late and the food was cold Fix this please.",2026-09-05T14:58:54+00:00,late_delivery
it_01805,"Ugh. Order from Pizza Palace was cold, not acceptable Please help!",2026-09-05T15:00:51+00:00,cold_food
it_01806,My order from FreshMart was missign my drinks Thanks.,2026-09-05T15:07:01+00:00,missing_items
it_01807,URGENT: I was charged twice for my annual subscription htis month Fix this please.,2026-09-05T15:12:43+00:00,double_charge
it_01808,"Hello, It keeps changing my address back to my old one Very frustrating.",2026-09-05T15:14:10+00:00,address_bug
it_01809,help! app says my denver address is outside the delivery area but it isn't,2026-09-05T15:14:37+00:00,address_bug
it_01810,"Hello, the sauce was not in the delivery, please refund Please help!",2026-09-05T15:15:41+00:00,missing_items
it_01811,"Help! You promised a refund in 3 days, it's been two weeks Very frustrating.",2026-09-05T15:16:49+00:00,refund_delay
it_01812,help! how long does a refund take? waiting on $12.99,2026-09-05T15:20:07+00:00,refund_delay
it_01813,Map pin is a block away from my actual address in Austin Thanks.,2026-09-05T15:24:34+00:00,address_bug
it_01814,"hello, the app won't save my new delivery address fix this please.",2026-09-05T15:29:30+00:00,address_bug
it_01815,URGENT: The app won't save my new delivery address,2026-09-05T15:32:44+00:00,address_bug
it_01816,Is there a way to leave delivery instructions for the gate?,2026-09-05T15:33:28+00:00,noise
it_01817,Help! Can't add an apartment number to my address Fix this please.,2026-09-05T15:33:58+00:00,address_bug
it_01818,Ugh. Items missing from my GreenLeaf delivery: half the order Very frustrating.,2026-09-05T15:36:17+00:00,missing_items
it_01819,"hi, double charge on my card for $12.99, please refund one of them",2026-09-05T15:38:16+00:00,double_charge
it_01820,URGENT: Can't add an apartment number to my address,2026-09-05T15:38:57+00:00,address_bug
it_01821,URGENT: It keeps changing my address back to my old one,2026-09-05T15:44:14+00:00,address_bug
it_01822,"Hello, Saved addresses disappeared after the update",2026-09-05T15:49:33+00:00,address_bug
it_01823,URGENT: Map pin is a block away from my actual address in Austin Fix this please.,2026-09-05T15:53:10+00:00,address_bug
it_01824,Ugh. Map pin is a block away from my actual address in Boston,2026-09-05T15:53:39+00:00,address_bug
it_01825,Saved addresses disappeared after the update Any update?,2026-09-05T16:07:11+00:00,address_bug
it_01826,"Hey team, My $49 refund still hasn't shown up on my card Very frustrating.",2026-09-05T16:08:51+00:00,refund_delay
it_01827,"Hello, Why are there duplicate charges on my statement for $12.99? Fix this please.",2026-09-05T16:09:24+00:00,double_charge
it_01828,how long does a refund take? waiting on $31.20 please help!,2026-09-05T16:10:31+00:00,refund_delay
it_01829,driver was 40 minutes late and the food was cold,2026-09-05T16:18:00+00:00,late_delivery
it_01830,My bank shows two identical payments of $9.99 from you,2026-09-05T16:19:56+00:00,double_charge
it_01831,"Hello, My bank shows two identical payments of $24.50 from you This is the second time.",2026-09-05T16:20:48+00:00,double_charge
it_01832,"hi, they forgot my drinks again in my order thanks.",2026-09-05T16:24:02+00:00,missing_items
it_01833,The app won't save my new delivery address,2026-09-05T16:27:36+00:00,address_bug
it_01834,"Help! Double charge on my card for $49, please refund one of them",2026-09-05T16:30:17+00:00,double_charge
it_01835,"ugh. double charge on my card for $12.99, please refund one of them",2026-09-05T16:35:25+00:00,double_charge
it_01836,UREGNT: Address autocomplete puts the pin in the wrong place in Chicago,2026-09-05T16:49:02+00:00,address_bug
it_01837,"Hello, Driver was 90 minutes late and the food was cold Very frustrating.",2026-09-05T16:53:05+00:00,late_delivery
it_01838,I was charged twice for my Plus subscription this month Very frustrating.,2026-09-05T16:54:17+00:00,double_charge
it_01839,Ugh. Why are there duplicate charges on my statement for $49? Fix this please.,2026-09-05T16:54:34+00:00,double_charge
it_01840,help! still waiting on my refund of $12.99 from two weeks ago,2026-09-05T16:55:05+00:00,refund_delay
it_01841,"hey team, you iblled me two times for the same plus renewal thanks.",2026-09-05T16:55:19+00:00,double_charge
it_01842,"Hey team, Can't add an apartment number to my address Any update?",2026-09-05T16:55:59+00:00,address_bug
it_01843,"Hi, Received the order but the sauce was left out Please help!",2026-09-05T16:57:24+00:00,missing_items
it_01844,"Hi, Address autocomplete puts the pin in the wrong place in Boston",2026-09-05T16:58:32+00:00,address_bug
it_01845,my bank shows two identical payments of $31.20 from you this is the second time.,2026-09-05T17:04:26+00:00,double_charge
it_01846,Got charged $12.99 twice toady for a single order Very frustrating.,2026-09-05T17:05:06+00:00,double_charge
it_01847,"Help! Double charge on my card for $31.20, please rfeund one of them Fix this please.",2026-09-05T17:08:39+00:00,double_charge
it_01848,driver was 45 minutes late and the food was cold any update?,2026-09-05T17:08:51+00:00,late_delivery
it_01849,They forgot the salad again in my order Any update?,2026-09-05T17:09:06+00:00,missing_items
it_01850,URGENT: Can't add an apartment number to my address,2026-09-05T17:11:17+00:00,address_bug
it_01851,Help! Payment went through twice and I only placed one order Please help!,2026-09-05T17:12:24+00:00,double_charge
it_01852,"My cousin recommended you, gerat service so far This is the second time.",2026-09-05T17:12:39+00:00,noise
it_01853,"charged twice for the plus plan, need one charge reversed",2026-09-05T17:16:05+00:00,double_charge
it_01854,"Extremely late delivery again, two hours behind schedule Fix this please.",2026-09-05T17:30:25+00:00,late_delivery
it_01855,URGENT: The app won't save my new delivery address Fix this please.,2026-09-05T17:34:02+00:00,address_bug
it_01856,Address autocomplete puts the pin in the wrong place in Denver Fix this please.,2026-09-05T17:36:00+00:00,address_bug
it_01857,My $24.50 refund still hasn't shown up on my card Please help!,2026-09-05T17:39:53+00:00,refund_delay
it_01858,"Hi, Got charged $9.99 twice today for a single order Thanks.",2026-09-05T17:40:02+00:00,double_charge
it_01859,Help! Food from the corner bakery arrived cold Please help!,2026-09-05T17:43:08+00:00,cold_food
it_01860,"Hello, You billed me two times for the same Plus renewal",2026-09-05T17:45:53+00:00,double_charge
it_01861,"Hi, Can't add an apartment number to my address Any update?",2026-09-05T17:53:59+00:00,address_bug
it_01862,"Hi, Extremely late delivery again, an hour behind schedule",2026-09-05T17:54:52+00:00,late_delivery
it_01863,"Hello, You billed me two times for the same monthly renewal Very frustrating.",2026-09-05T17:55:50+00:00,double_charge
it_01864,URGENT: I was charged twice for my monthly subscription this month,2026-09-05T17:57:26+00:00,double_charge
it_01865,"Help! Charged twice for the Plus plan, need one charge reversed",2026-09-05T17:57:59+00:00,double_charge
it_01866,"Hi, Charged twice for the monthly plan, need one charge reversed Any update?",2026-09-05T17:58:46+00:00,double_charge
it_01867,"Hi, I was charged twice for my monthly subscription this month Any update?",2026-09-05T17:59:34+00:00,double_charge
it_01868,Why are there duplicate charges on my statement for $24.50? Very frustrating.,2026-09-05T18:01:50+00:00,double_charge
it_01869,URGENT: Can't add an apartment number to my address,2026-09-05T18:18:04+00:00,address_bug
it_01870,URGENT: Why are there duplicate charges on my statement for $24.50? Very frustrating.,2026-09-05T18:18:56+00:00,double_charge
it_01871,The soup was cold and the fries were soggy,2026-09-05T18:35:47+00:00,cold_food
it_01872,"hello, you iblled me two times for the same family renewal please help!",2026-09-05T18:41:22+00:00,double_charge
it_01873,"Cold meal, clearly sat somewhere for a long time",2026-09-05T18:42:56+00:00,cold_food
it_01874,the soup was cold and the fries were soggy very frustrating.,2026-09-05T18:43:01+00:00,cold_food
it_01875,courier yelled at me because the building was hard to find,2026-09-05T18:45:52+00:00,driver_rude
it_01876,"hello, delivery address field resets every time i check out",2026-09-05T18:47:28+00:00,address_bug
it_01877,Help! Can't add an apartment number to my address,2026-09-05T18:48:07+00:00,address_bug
it_01878,"hi, address autocomplete puts the pin in the wrong place in boston",2026-09-05T18:51:46+00:00,address_bug
it_01879,address autocomplete puts the pin in the wrong place in austin,2026-09-05T18:52:12+00:00,address_bug
it_01880,urgent: why are there duplicate charges on my statement ofr $12.99? very frustrating.,2026-09-05T18:54:13+00:00,double_charge
it_01881,"hey team, charged twice for the family plan, need one charge reversed any update?",2026-09-05T19:02:56+00:00,double_charge
it_01882,URGENT: My bank shows two identical payments of $24.50 from you Please help!,2026-09-05T19:09:32+00:00,double_charge
it_01883,The app won't save my new delivery address This is the second time.,2026-09-05T19:13:27+00:00,address_bug
it_01884,"Hi, Address autocomplete puts the pin in the wrong place in Chicago",2026-09-05T19:14:35+00:00,address_bug
it_01885,help! i was charged twice for my annual subscription this month,2026-09-05T19:25:36+00:00,double_charge
it_01886,"Help! Double charge on my card for $31.20, please refund one of them Please help!",2026-09-05T19:26:06+00:00,double_charge
it_01887,Help! Payment went through twice and I only placed one order Fix this please.,2026-09-05T19:26:53+00:00,double_charge
it_01888,Help! Address autocomplete puts the pin in the wrong place in Boston Any update?,2026-09-05T19:27:11+00:00,address_bug
it_01889,"Hey team, App says my Chicago address is outside the delivery area but it isn't Fix this plaese.",2026-09-05T19:33:31+00:00,address_bug
it_01890,"milk was not in the delivery, please refund This is the second time.",2026-09-05T19:34:08+00:00,missing_items
it_01891,"Charged twice for the Family plan, need one charge reversed Please help!",2026-09-05T19:34:40+00:00,double_charge
it_01892,Everything was lukewarm when it got here Very frustrating.,2026-09-05T19:37:09+00:00,cold_food
it_01893,help! i was charged twice for my annual subscription this month very frustrating.,2026-09-05T19:37:42+00:00,double_charge
it_01894,"Hey team, You billed me two times for the same Family renewal",2026-09-05T19:39:39+00:00,double_charge
it_01895,Ugh. Refund was approved but I haven't received $49 yet Fix this please.,2026-09-05T19:40:22+00:00,refund_delay
it_01896,"Hey team, Saved addresses disappeared aftre the update",2026-09-05T19:42:32+00:00,address_bug
it_01897,Why does every order from GreenLeaf show up 45 minutes late? Fix this please.,2026-09-05T19:43:43+00:00,late_delivery
it_01898,"Hello, It keeps changing my address back to my old one Any update?",2026-09-05T19:49:30+00:00,address_bug
it_01899,urgent: can i order alcohol through the app? fix this please.,2026-09-05T19:50:06+00:00,noise
it_01900,"Double charge on my card for $24.50, please refund one of them",2026-09-05T19:54:03+00:00,double_charge
it_01901,got charged $12.99 twice today for a single order any update?,2026-09-05T19:59:49+00:00,double_charge
it_01902,URGENT: My bank shows two identical payments of $49 from you,2026-09-05T20:00:24+00:00,double_charge
it_01903,"Hello, You billed me two times for the same monthly renewal",2026-09-05T20:01:02+00:00,double_charge
it_01904,"charged twice for the annual plan, need one charge reversed any update?",2026-09-05T20:04:57+00:00,double_charge
it_01905,Paid for the sauce but it never came in the bag Please help!,2026-09-05T20:06:07+00:00,missing_items
it_01906,"double charge on my card for $31.20, please refund one of them very frustrating.",2026-09-05T20:10:00+00:00,double_charge
it_01907,"hi, driver was an hour late and the food was cold",2026-09-05T20:10:05+00:00,late_delivery
it_01908,URGENT: My bank shows two identical payments of $49 from you Thanks.,2026-09-05T20:10:13+00:00,double_charge
it_01909,Ugh. They forgot the dessert agian in my order,2026-09-05T20:17:31+00:00,missing_items
it_01910,URGENT: Why are there duplicaet charges on my statement for $31.20?,2026-09-05T20:18:08+00:00,double_charge
it_01911,Help! Got charged $12.99 twice today for a single order Please help!,2026-09-05T20:21:45+00:00,double_charge
it_01912,App says my Chicago address is outside the delivery area but it isn't Fix this please.,2026-09-05T20:21:56+00:00,address_bug
it_01913,"Hello, Can't add an apartment number to my address Please help!",2026-09-05T20:26:41+00:00,address_bug
it_01914,Bag arrived without milk even though I paid for it This is the second time.,2026-09-05T20:31:11+00:00,missing_items
it_01915,"Hi, Received the order but my drinks was left out Very frustrating.",2026-09-05T20:31:47+00:00,missing_items
it_01916,ugh. payment went through twice and i only placed one order this is the second time.,2026-09-05T20:37:43+00:00,double_charge
it_01917,"hey team, refund was approved but i haven't received $24.50 yet thanks.",2026-09-05T20:38:05+00:00,refund_delay
it_01918,My bank shows two identical payments of $49 from you,2026-09-05T20:42:36+00:00,double_charge
it_01919,urgent: you billed me two times for the same family renewal,2026-09-05T20:46:10+00:00,double_charge
it_01920,Map pin is a block away from my actual address in Chicago,2026-09-05T21:08:26+00:00,address_bug
it_01921,"hello, can i pay with a gift card and credit card together?",2026-09-05T21:08:52+00:00,noise
it_01922,"URGENT: Double charge on my card for $9.99, please refund one of them Thanks.",2026-09-05T21:12:11+00:00,double_charge
it_01923,Delivery took 90 minutes longer than the estimate Please help!,2026-09-05T21:17:12+00:00,late_delivery
it_01924,"my drinks was not in the delivery, please refund",2026-09-05T21:20:52+00:00,missing_items
it_01925,Help! Payment went through twice and I only placed one order Thanks.,2026-09-05T21:27:34+00:00,double_charge
it_01926,The app won't save my new delivery address Fix this please.,2026-09-05T21:28:55+00:00,address_bug
it_01927,Ugh. It keeps changing my adderss back to my old one Any update?,2026-09-05T21:34:29+00:00,address_bug
it_01928,URGENT: The app won't save my new delivery address Please help!,2026-09-05T21:41:51+00:00,address_bug
it_01929,Why are there duplicate charges on my statement for $24.50? Fix this please.,2026-09-05T21:50:15+00:00,double_charge
it_01930,Address autocomplete puts the pin in the wrong place in Boston,2026-09-05T21:54:41+00:00,address_bug
it_01931,"hi, payment went through twice and i only placed one order",2026-09-05T21:57:41+00:00,double_charge
it_01932,ugh. payment went through twice and i only placed one order,2026-09-05T21:59:46+00:00,double_charge
it_01933,You billed me two times for the same Plus renewal Any update?,2026-09-05T22:00:33+00:00,double_charge
it_01934,"Hello, Map pin is a block away from my actual address in Portland Very frustrating.",2026-09-05T22:02:35+00:00,address_bug
it_01935,"Hi, How lnog does a refund take? Waiting on $9.99",2026-09-05T22:04:22+00:00,refund_delay
it_01936,"Hello, Why are there duplicate charges on my statement for $9.99?",2026-09-05T22:05:03+00:00,double_charge
it_01937,Address autocomplete puts the pin in the wrong place in Chicago Please help!,2026-09-05T22:11:18+00:00,address_bug
it_01938,ugh. refund status says processed but no money back,2026-09-05T22:11:32+00:00,refund_delay
it_01939,ugh. saved addresses disappeared after the update fix this please.,2026-09-05T22:15:59+00:00,address_bug
it_01940,It keeps changing my address back to my old one,2026-09-05T22:16:33+00:00,address_bug
it_01941,Delivery address field resets every time I check out,2026-09-05T22:19:15+00:00,address_bug
it_01942,URGENT: Payment went through twice and I only placed one order,2026-09-05T22:19:29+00:00,double_charge
it_01943,"Cold meal, clearly sat somewhere for a long time",2026-09-05T22:19:37+00:00,cold_food
it_01944,Ugh. Got charged $9.99 twice today for a single order This is the second time.,2026-09-05T22:21:06+00:00,double_charge
it_01945,"hi, everything was lukewarm when it got here",2026-09-05T22:26:17+00:00,cold_food
it_01946,"Hi, My order from FreshMart was missing milk Fix this please.",2026-09-05T22:29:10+00:00,missing_items
it_01947,URGENT: My order from GreenLeaf was missing milk Please help!,2026-09-05T22:29:20+00:00,missing_items
it_01948,got charged $24.50 twice today for a single order any update?,2026-09-05T22:31:59+00:00,double_charge
it_01949,can't add an apartment number to my address very frustrating.,2026-09-05T22:32:22+00:00,address_bug
it_01950,"Hi, App says my Chicago address is outside the delivery area but it isn't Very frustrating.",2026-09-05T22:32:49+00:00,address_bug
it_01951,Payment went through twice and I only placed one order,2026-09-05T22:35:52+00:00,double_charge
it_01952,"Hi, The app won't save my new delivery address Any update?",2026-09-05T22:46:23+00:00,address_bug
it_01953,Waited two hours past the delivery window for GreenLeaf Any update?,2026-09-05T22:49:19+00:00,late_delivery
it_01954,help! why are there duplicate charges on my statement for $31.20?,2026-09-05T22:49:57+00:00,double_charge
it_01955,Help! Driver was two hours late and the food was cold Very frustrating.,2026-09-05T22:51:16+00:00,late_delivery
it_01956,"Double charge on my card for $49, please refund one of them Any update?",2026-09-05T22:53:16+00:00,double_charge
it_01957,payment went through twice and i only placed one order any update?,2026-09-05T22:56:49+00:00,double_charge
it_01958,"hi, address autocomplete puts the pin in the wrong place in denver please help!",2026-09-05T22:57:14+00:00,address_bug
it_01959,Can't add an apartment number to my address,2026-09-05T23:00:34+00:00,address_bug
it_01960,"Hello, Can't add an apartment number to my address",2026-09-05T23:13:19+00:00,address_bug
it_01961,"hey team, you billed me two times for the same plus renewal",2026-09-05T23:13:53+00:00,double_charge
it_01962,help! address autocomplete puts the pin in the wrong place in boston fix this please.,2026-09-05T23:15:18+00:00,address_bug
it_01963,You billed me two times for the same monthly ernewal,2026-09-05T23:31:09+00:00,double_charge
it_01964,"hi, address autocomplete puts the pin in the wrong place in boston",2026-09-05T23:31:55+00:00,address_bug
it_01965,got charged $12.99 twice today for a single order thanks.,2026-09-05T23:38:23+00:00,double_charge
it_01966,urgent: app says my portland address is outside the delivery area but it isn't,2026-09-06T00:09:00+00:00,address_bug
it_01967,"hey team, it keeps changing my address back to my old one",2026-09-06T00:13:03+00:00,address_bug
it_01968,"Hey team, Map pin is a block away from my actual address in Chicago Very frustrating.",2026-09-06T00:14:47+00:00,address_bug
it_01969,My order from the corner bakery arrived two hours late This is the second time.,2026-09-06T00:20:48+00:00,late_delivery
it_01970,"Hi, You billed me two times for the same Plus renewal Thansk.",2026-09-06T00:23:54+00:00,double_charge
it_01971,Help! Where is my refund? It's been 10 days Thanks.,2026-09-06T00:32:36+00:00,refund_delay
it_01972,"Extremely late delivery again, 40 minutes behind schedule",2026-09-06T00:37:53+00:00,late_delivery
it_01973,"Hey team, Map pin is a block away from my actual address in Austin This is the second time.",2026-09-06T00:39:58+00:00,address_bug
it_01974,URGENT: Items missing from my Pizza Palace delivery: hafl the order Any update?,2026-09-06T00:40:30+00:00,missing_items
it_01975,Ugh. My bank shows two identical payments of $24.50 from you,2026-09-06T00:49:04+00:00,double_charge
it_01976,"Ugh. You promised a refund in 3 days, it's been two weeks",2026-09-06T00:55:23+00:00,refund_delay
it_01977,"Hi, I was charged twice for my annual subscription this month iFx this please.",2026-09-06T00:57:11+00:00,double_charge
it_01978,"hey team, address autocomplete puts the pin in the worng place in boston very frustrating.",2026-09-06T00:57:33+00:00,address_bug
it_01979,refund status says processed but no money back this is the second time.,2026-09-06T01:02:17+00:00,refund_delay
it_01980,Help! It keeps changing my address back to my old one,2026-09-06T01:04:11+00:00,address_bug
it_01981,"Ugh. Double charge on my card for $31.20, please refund one of them Fix this please.",2026-09-06T01:07:32+00:00,double_charge
it_01982,ugh. app says my boston address is outside the delivery area but it isn't,2026-09-06T01:08:08+00:00,address_bug
it_01983,"Hey team, I was charged twice for my Premium susbcription this month",2026-09-06T01:17:02+00:00,double_charge
it_01984,URGENT: You billed me two times for the same Premium renewal This is the second time.,2026-09-06T01:18:12+00:00,double_charge
it_01985,"hey team, got charged $12.99 twice today for a single order very frustrating.",2026-09-06T01:25:30+00:00,double_charge
it_01986,ugh. never got the refund for my cancelled order fix this please.,2026-09-06T01:26:27+00:00,refund_delay
it_01987,"hey team, my order from freshmart arrived 45 minutes late this is the second time.",2026-09-06T01:26:53+00:00,late_delivery
it_01988,help! got charged $9.99 twice today for a single order fix this please.,2026-09-06T01:26:56+00:00,double_charge
it_01989,Ugh. Can't add an apartment number to my address,2026-09-06T01:27:36+00:00,address_bug
it_01990,URGENT: App says my Denver address is outside the delivery area but it isn't,2026-09-06T01:29:10+00:00,address_bug
it_01991,Saved addresses disappeared after the update,2026-09-06T01:29:34+00:00,address_bug
it_01992,"hey team, my bank shows two identical payments of $9.99 from you fix this please.",2026-09-06T01:33:17+00:00,double_charge
it_01993,Ugh. I was charged twice for my Family subscirption this month Thanks.,2026-09-06T01:40:15+00:00,double_charge
it_01994,oyu billed me two times for the same premium renewal,2026-09-06T01:41:38+00:00,double_charge
it_01995,Items missing from my Sushi Go delivery: milk Thanks.,2026-09-06T01:42:25+00:00,missing_items
it_01996,help! got charged $9.99 twice today for a single order any update?,2026-09-06T01:54:56+00:00,double_charge
it_01997,I was charged twice for my annual subscription this month This is the second time.,2026-09-06T01:55:02+00:00,double_charge
it_01998,"Hey team, Food from Sushi Go arrived cold Please help!",2026-09-06T01:58:00+00:00,cold_food
it_01999,address autocomplete puts the ipn in the wrong place in portland any update?,2026-09-06T02:02:01+00:00,address_bug
it_02000,You billed me two times for the same monthly renewal,2026-09-06T02:04:43+00:00,double_charge
it_02001,"Hello, Address autocomplete puts the pin in the wrong place in Chicago Thanks.",2026-09-06T02:05:49+00:00,address_bug
it_02002,Waited an hour past the delivery window for FreshMart Thanks.,2026-09-06T02:08:35+00:00,late_delivery
it_02003,"Hello, You billed me two times for the same annual renewal",2026-09-06T02:13:43+00:00,double_charge
it_02004,"Hi, Double charge on my card for $24.50, please refund one of them Please help!",2026-09-06T02:19:38+00:00,double_charge
it_02005,"hi, you billed me two times for the same annual renewal thanks.",2026-09-06T02:24:11+00:00,double_charge
it_02006,refund status says processed but no money back thanks.,2026-09-06T02:28:34+00:00,refund_delay
it_02007,They forgot the sauce again in my order,2026-09-06T02:44:07+00:00,missing_items
it_02008,"Hello, Delivery person was disrespectful and threw the bag",2026-09-06T02:45:32+00:00,driver_rude
it_02009,The driver was extremely rude to me at the door,2026-09-06T02:46:09+00:00,driver_rude
it_02010,"hello, saved addresses disappeared after the update very frustrating.",2026-09-06T02:57:25+00:00,address_bug
it_02011,"double charge on my card for $49, please refund one of them very frustrating.",2026-09-06T02:59:29+00:00,double_charge
it_02012,"hey team, double charge on my card for $24.50, please refund one of them",2026-09-06T03:01:00+00:00,double_charge
it_02013,"Help! Charged twice for the Plus plan, need one charge reversed",2026-09-06T03:01:49+00:00,double_charge
it_02014,Help! App says my Portland address is outside the delivery area but it isn't,2026-09-06T03:03:35+00:00,address_bug
it_02015,Bag arrived without the salad even though I paid for it Please help!,2026-09-06T03:05:53+00:00,missing_items
it_02016,"Hello, Order was supposed to arrive at noon, came 40 minutes late",2026-09-06T03:06:50+00:00,late_delivery
it_02017,The app won't save ym new delivery address,2026-09-06T03:07:14+00:00,address_bug
it_02018,"hey team, got charged $49 twice today for a single order thanks.",2026-09-06T03:14:06+00:00,double_charge
it_02019,Ugh. Does the app work on smart watches? Fix this please.,2026-09-06T03:17:28+00:00,noise
it_02020,"Hi, The app won't save my new delivery address This is the second time.",2026-09-06T03:20:11+00:00,address_bug
it_02021,help! it keeps changing my address back to my old one,2026-09-06T03:35:44+00:00,address_bug
it_02022,Ugh. The app won't save my new delivery address Please help!,2026-09-06T03:40:56+00:00,address_bug
it_02023,"hello, you promised a refund in 3 days, it's been two weeks",2026-09-06T03:41:16+00:00,refund_delay
it_02024,"Hey team, I was charged twice for my Plus subscription this month",2026-09-06T03:44:20+00:00,double_charge
it_02025,Help! Delivery address field resets every time I check out Please help!,2026-09-06T03:45:31+00:00,address_bug
it_02026,"hi, they forgot the sauce again in my order",2026-09-06T03:46:54+00:00,missing_items
it_02027,"Hi, Map pin is a block away from my actual address in Portland This is the second time.",2026-09-06T03:48:30+00:00,address_bug
it_02028,"Hi, Got charged $24.50 twice today for a single order Fix this please.",2026-09-06T03:56:17+00:00,double_charge
it_02029,"Hello, Your driver was condescending and rude Fix this please.",2026-09-06T03:59:16+00:00,driver_rude
it_02030,You billed me two times for the same Family renewal Thanks.,2026-09-06T04:14:07+00:00,double_charge
it_02031,URGENT: It keeps changing my address back to my old one,2026-09-06T04:20:37+00:00,address_bug
it_02032,You billed me two times for the same annual renewal Thanks.,2026-09-06T04:29:09+00:00,double_charge
it_02033,"hello, it keeps changing my address back to my old one very frustrating.",2026-09-06T04:30:01+00:00,address_bug
it_02034,URGENT: The app won't save my new delivery address Very frustrating.,2026-09-06T04:44:41+00:00,address_bug
it_02035,"Hello, Double charge on my card for $24.50, please refund one of them",2026-09-06T04:53:08+00:00,double_charge
it_02036,"help! half my order was missing, no my drinks at all any update?",2026-09-06T05:09:20+00:00,missing_items
it_02037,delivery took an hour longer than the estimate,2026-09-06T05:19:43+00:00,late_delivery
it_02038,"hello, it keeps changing my address back to my old one thanks.",2026-09-06T05:42:14+00:00,address_bug
it_02039,URGENT: Why does every order from FreshMart show up 45 minutes late? Very frustrating.,2026-09-06T05:50:26+00:00,late_delivery
it_02040,"Order was supposed to arrive at noon, came 90 minutes late",2026-09-06T05:57:16+00:00,late_delivery
it_02041,"hey team, app says my boston address is outside the delivery area but it isn't",2026-09-06T06:00:42+00:00,address_bug
it_02042,It keeps changing my address back to my old one Please help!,2026-09-06T06:01:16+00:00,address_bug
it_02043,Svaed addresses disappeared after the update,2026-09-06T06:13:02+00:00,address_bug
it_02044,The ETA kept moving and my order showed up 90 minutes after it was promised Very frustrating.,2026-09-06T06:21:31+00:00,late_delivery
it_02045,"Hi, Delivery took an hour longer than the estimate This is the second time.",2026-09-06T06:24:57+00:00,late_delivery
it_02046,Still waiting on my refund of $31.20 from two weeks ago Thanks.,2026-09-06T06:31:08+00:00,refund_delay
it_02047,"Hey team, Delivery took 40 minutes longer than the estimate Thanks.",2026-09-06T06:33:38+00:00,late_delivery
it_02048,refund was approved but i haven't received $12.99 yet,2026-09-06T06:44:12+00:00,refund_delay
it_02049,Ugh. Why are there duplicate charges on my statement for $9.99? Thanks.,2026-09-06T07:00:42+00:00,double_charge
it_02050,"Hey team, Why does every order from FreshMart show up 45 minutes late? Any update?",2026-09-06T07:10:26+00:00,late_delivery
it_02051,Refund status says processed but no money back Thanks.,2026-09-06T07:12:11+00:00,refund_delay
it_02052,"hi, my order from freshmart arrived 40 minutes late fix this please.",2026-09-06T07:30:50+00:00,late_delivery
it_02053,"Hi, Why does every order from the corner bakery show up an hour alte?",2026-09-06T07:39:33+00:00,late_delivery
it_02054,"hey team, food temperature was terrible, all cold",2026-09-06T07:58:24+00:00,cold_food
it_02055,Waited two hours past the delivery window for the corner bakery This is the second time.,2026-09-06T08:02:50+00:00,late_delivery
it_02056,Ugh. yM $24.50 refund still hasn't shown up on my card,2026-09-06T08:20:26+00:00,refund_delay
it_02057,"You promised a refund in 3 days, it's been two weeks",2026-09-06T08:21:13+00:00,refund_delay
it_02058,Never got the refund for my cancelled order Please help!,2026-09-06T08:29:58+00:00,refund_delay
it_02059,"Hello, Delivery took 40 minutes longer than the estimate",2026-09-06T08:35:28+00:00,late_delivery
it_02060,"Hi, The soup was cold and the fries were soggy",2026-09-06T08:36:03+00:00,cold_food
it_02061,"Hi, Saved addresses disappaered after the update Very frustrating.",2026-09-06T08:45:46+00:00,address_bug
it_02062,The ETA kept moving and my order showed up 40 minutes after it was promised,2026-09-06T08:46:34+00:00,late_delivery
it_02063,help! never got the refund for my cancelled order any update?,2026-09-06T08:49:57+00:00,refund_delay
it_02064,Ugh. The search filters for allergies are great Very frustrating.,2026-09-06T09:01:24+00:00,noise
it_02065,"Hello, You promised a refund in 3 days, it's been two weeks Please help!",2026-09-06T09:09:21+00:00,refund_delay
it_02066,"Hi, Received the order but my drinks was left out",2026-09-06T09:09:37+00:00,missing_items
it_02067,Do you deliver to the airport?,2026-09-06T09:38:13+00:00,noise
it_02068,"Hey team, How long does a erfund take? Waiting on $49",2026-09-06T09:42:49+00:00,refund_delay
it_02069,ugh. can't add an apartment number to my address this is the second time.,2026-09-06T09:59:06+00:00,address_bug
it_02070,Help! Hot food arrived completely cold again This is the second time.,2026-09-06T10:42:29+00:00,cold_food
it_02071,"hi, my order from pizza palace arrived two hours late fix this please.",2026-09-06T10:54:09+00:00,late_delivery
it_02072,They forgot the salad again in my order Any update?,2026-09-06T10:55:04+00:00,missing_items
it_02073,the courier was aggressive when i asked about milk thanks.,2026-09-06T11:30:21+00:00,driver_rude
it_02074,saved addresses disappeared after the update any udpate?,2026-09-06T11:41:47+00:00,address_bug
it_02075,"hey team, can't disable promotional push notifications fix this please.",2026-09-06T12:05:21+00:00,notification_spam
it_02076,Can I schedule an order for next week? Fix this please.,2026-09-06T12:15:09+00:00,noise
it_02077,URGENT: Received the order but milk was left out,2026-09-06T12:16:38+00:00,missing_items
it_02078,Can't dsiable promotional push notifications Thanks.,2026-09-06T12:36:41+00:00,notification_spam
it_02079,my order from freshmart arrived 45 minutes late very frustrating.,2026-09-06T12:36:50+00:00,late_delivery
it_02080,"Hey team, Refund was approved but I haven't received $49 yet",2026-09-06T12:40:28+00:00,refund_delay
it_02081,Bag arrived without milk even though I paid for it Any update?,2026-09-06T12:43:32+00:00,missing_items
it_02082,"Hey team, Getting spammed with notifications about the corner bakery Thanks.",2026-09-06T12:48:45+00:00,notification_spam
it_02083,"Hi, Driver was two hours late and the food was cold Any update?",2026-09-06T12:58:09+00:00,late_delivery
it_02084,Ugh. Turned off promos but still get marketing notifications Fix this please.,2026-09-06T13:14:58+00:00,notification_spam
it_02085,help! my $31.20 refund still hasn't shown up on my card very frustrating.,2026-09-06T13:23:17+00:00,refund_delay
it_02086,driver was 45 minutes late and the food was cold,2026-09-06T13:25:06+00:00,late_delivery
it_02087,"hello, turned off promos but still get marketing notifications please help!",2026-09-06T13:38:12+00:00,notification_spam
it_02088,URGENT: Can't idsable promotional push notifications Fix this please.,2026-09-06T13:51:58+00:00,notification_spam
it_02089,"Notifications at 2am about deals, please stop",2026-09-06T14:01:02+00:00,notification_spam
it_02090,"Hello, Received the order but my drinks was left out Fix this please.",2026-09-06T14:21:17+00:00,missing_items
it_02091,Ugh. Unsubscribed from emails but the push spam continues This is the second time.,2026-09-06T14:30:55+00:00,notification_spam
it_02092,Help! Hot food arrived completely cold again Please help!,2026-09-06T14:32:07+00:00,cold_food
it_02093,Turned off promos but still get marketing notifications Very frustrating.,2026-09-06T14:33:22+00:00,notification_spam
it_02094,Turned off promos but still get marketing notifications,2026-09-06T14:43:52+00:00,notification_spam
it_02095,"Help! You promised a refund in 3 days, it's been two weeks Fix this please.",2026-09-06T14:46:09+00:00,refund_delay
it_02096,"Help! Extremely late delivery agian, 90 minutes behind schedule",2026-09-06T14:59:23+00:00,late_delivery
it_02097,The app sends me five promo laerts a day Fix this please.,2026-09-06T15:15:05+00:00,notification_spam
it_02098,Unsubscribed from emails but the push spam continues,2026-09-06T15:33:38+00:00,notification_spam
it_02099,"Hello, Delivery took an hour longer than the estimate Fix this please.",2026-09-06T15:42:06+00:00,late_delivery
it_02100,"Too many notifications, the settings toggle does nothing",2026-09-06T16:03:03+00:00,notification_spam
it_02101,the app sends me five promo alerts a day any update?,2026-09-06T16:46:06+00:00,notification_spam
it_02102,"Hi, The app sends me five promo alerts a day",2026-09-06T16:51:28+00:00,notification_spam
it_02103,"Hi, I'm getting way too many push notifications",2026-09-06T17:04:55+00:00,notification_spam
it_02104,"URGENT: Notifications at 2am about deals, please stop Very frustrating.",2026-09-06T17:05:09+00:00,notification_spam
it_02105,"Hi, Unsubscribed from emails but the push spam contiunes Please help!",2026-09-06T17:06:07+00:00,notification_spam
it_02106,"Too many notifications, the settings toggle does nothing This is the second time.",2026-09-06T17:11:03+00:00,notification_spam
it_02107,"Hey team, I'm getting way too many push notifications Any update?",2026-09-06T17:21:37+00:00,notification_spam
it_02108,"Help! Order was supposed to arirve at noon, came 45 minutes late Any update?",2026-09-06T17:31:06+00:00,late_delivery
it_02109,"Too many notifications, the settings toggle does nothing",2026-09-06T17:38:20+00:00,notification_spam
it_02110,Turned off promos but still get marketing notifications Very frustrating.,2026-09-06T17:44:43+00:00,notification_spam
it_02111,"Hello, Turned off promos but still get marketing notifications",2026-09-06T17:45:09+00:00,notification_spam
it_02112,"Hi, Turned off promos but still get marketing notifications Thanks.",2026-09-06T17:46:57+00:00,notification_spam
it_02113,"Hey team, Why does every order from the corner bakery show up two hours late?",2026-09-06T17:47:10+00:00,late_delivery
it_02114,help! i'm getting way too many push notifications very frustrating.,2026-09-06T17:53:53+00:00,notification_spam
it_02115,"Hi, Getting spammed with notifications about FreshMart Any update?",2026-09-06T17:58:11+00:00,notification_spam
it_02116,"hey team, turned off promos but still get marketing notifications",2026-09-06T18:02:37+00:00,notification_spam
it_02117,urgent: unsubscribed from emails but the push spam continues,2026-09-06T18:03:47+00:00,notification_spam
it_02118,"urgetn: too many notifications, the settings toggle does nothing please help!",2026-09-06T18:05:14+00:00,notification_spam
it_02119,help! delivery took 90 minutes longer than the estimate please help!,2026-09-06T18:08:34+00:00,late_delivery
it_02120,"Hey team, Can I get paper receipts mailed to me? This is the second time.",2026-09-06T18:13:06+00:00,noise
it_02121,urgent: can't disable promotional push notifications very frustrating.,2026-09-06T18:15:29+00:00,notification_spam
it_02122,Help! Getting spammed with notifications about Pizza Palace Thanks.,2026-09-06T18:32:07+00:00,notification_spam
it_02123,"notifications at 2am about deals, please stop thanks.",2026-09-06T18:32:30+00:00,notification_spam
it_02124,"Hello, The app sends me five promo alerts a day Any update?",2026-09-06T18:33:16+00:00,notification_spam
it_02125,Turned off promos but still get marketing notifications This is the second time.,2026-09-06T18:37:08+00:00,notification_spam
it_02126,"URGENT: Notifications at 2am about deals, please stop This is the second time.",2026-09-06T18:39:34+00:00,notification_spam
it_02127,"Extremely late delivery again, an hour behind schedule Fix this please.",2026-09-06T18:43:39+00:00,late_delivery
it_02128,"Notifiactions at 2am about deals, please stop",2026-09-06T18:48:31+00:00,notification_spam
it_02129,I'm getting way too many push notifications,2026-09-06T18:49:27+00:00,notification_spam
it_02130,Unsubscribed from emails but the push spam continues,2026-09-06T19:01:33+00:00,notification_spam
it_02131,"Notifications at 2am about deals, please stop",2026-09-06T19:06:51+00:00,notification_spam
it_02132,"Hi, Notifications at 2am about deals, please stop This is the second time.",2026-09-06T19:13:41+00:00,notification_spam
it_02133,Unsubscribed from emails but the push spam continues Please help!,2026-09-06T19:14:28+00:00,notification_spam
it_02134,"Hi, Too many notifications, the settings toggle does nothing Please help!",2026-09-06T19:33:25+00:00,notification_spam
it_02135,"Hello, Can't disable promotional push notifications Very frustrating.",2026-09-06T19:51:52+00:00,notification_spam
it_02136,"Ugh. Notifications at 2am about deals, please stop This is the second tmie.",2026-09-06T19:52:21+00:00,notification_spam
it_02137,"hey team, getting spammed with notifications about the corner bakery",2026-09-06T19:57:16+00:00,notification_spam
it_02138,can't disable promotional push notifications please help!,2026-09-06T20:14:19+00:00,notification_spam
it_02139,never got the refund for my cancelled order please help!,2026-09-06T20:15:38+00:00,refund_delay
it_02140,ym order from greenleaf arrived two hours late this is the second time.,2026-09-06T20:23:22+00:00,late_delivery
it_02141,The app sends me five promo alerts a day Please help!,2026-09-06T20:24:33+00:00,notification_spam
it_02142,Help! Can't disable promotional push notifications Please help!,2026-09-06T20:33:13+00:00,notification_spam
it_02143,"Hello, Your driver was condescending and rude This is the second time.",2026-09-06T20:35:51+00:00,driver_rude
it_02144,"hi, do restaurants see my phone number?",2026-09-06T20:51:08+00:00,noise
it_02145,Help! Delivery took 90 minutes longer than the estimate Very frustrating.,2026-09-06T20:57:20+00:00,late_delivery
it_02146,Help! The app sends me five promo alerts a day,2026-09-06T21:06:26+00:00,notification_spam
it_02147,"hi, notifications at 2am about deals, please stop please help!",2026-09-06T21:08:10+00:00,notification_spam
it_02148,Ugh. Getting spammed with notifications about Pizza Palace,2026-09-06T21:17:37+00:00,notification_spam
it_02149,"Notifications at 2am about deals, please stop",2026-09-06T21:19:08+00:00,notification_spam
it_02150,"Hello, Turned off promos but still get marketing notifications Please help!",2026-09-06T21:20:29+00:00,notification_spam
it_02151,Getting spammed with notifications about GreenLeaf Fix this please.,2026-09-06T21:36:42+00:00,notification_spam
it_02152,"Hey team, Getting spammed iwth notifications about GreenLeaf",2026-09-06T21:40:08+00:00,notification_spam
it_02153,Getting spammed with notifications about the corner bakery Fix this please.,2026-09-06T21:40:37+00:00,notification_spam
it_02154,"Ugh. Too many notifications, the settings toggle does nothing",2026-09-06T21:50:14+00:00,notification_spam
it_02155,"too many notifications, the settings toggle does nothing please help!",2026-09-06T21:53:08+00:00,notification_spam
it_02156,"hi, getting spammed with notifications about pizza palace any update?",2026-09-06T21:53:35+00:00,notification_spam
it_02157,URGENT: I'm getting way too many push notifications Very frustrating.,2026-09-06T21:58:40+00:00,notification_spam
it_02158,"Hey team, Can't disable promotional push notifications Please help!",2026-09-06T22:14:42+00:00,notification_spam
it_02159,urgent: can i change the language to spanish?,2026-09-06T22:17:32+00:00,noise
it_02160,"hello, notifications at 2am about deals, please stop this is the second time.",2026-09-06T22:17:40+00:00,notification_spam
it_02161,"Hello, Very unprofessional driver, swroe at me",2026-09-06T22:17:48+00:00,driver_rude
it_02162,"hello, can't disable promotional push notifications this is the second time.",2026-09-06T22:34:49+00:00,notification_spam
it_02163,Ugh. Driver was 90 minutes late and the food was cold Fix this please.,2026-09-06T22:36:42+00:00,late_delivery
it_02164,"Notifications at 2am about deals, please stop Please help!",2026-09-06T22:40:10+00:00,notification_spam
it_02165,"Hey team, Rude driver refused to come to my apartment door",2026-09-06T22:46:45+00:00,driver_rude
it_02166,The app sends me five promo alerts a day Very frustrating.,2026-09-06T22:54:26+00:00,notification_spam
it_02167,help! can't disable promotional push notifications very frustrating.,2026-09-06T23:14:01+00:00,notification_spam
it_02168,Help! I'm getting way too many push notifications Fix this please.,2026-09-06T23:14:05+00:00,notification_spam
it_02169,Can't disable promotional push notifications Please help!,2026-09-06T23:20:54+00:00,notification_spam
it_02170,getting spammed with notifications about the corner bakery,2026-09-06T23:25:12+00:00,notification_spam
it_02171,Help! The app sends me five promo alerts a day,2026-09-06T23:27:44+00:00,notification_spam
it_02172,Can't disable promotional push notifications Please help!,2026-09-06T23:33:30+00:00,notification_spam
it_02173,Can't disable promotional push notifications This is the second time.,2026-09-06T23:44:49+00:00,notification_spam
it_02174,ugh. getting spammed with notifications about freshmart thanks.,2026-09-07T00:04:53+00:00,notification_spam
it_02175,"Help! Too many notifications, the settings toggle does nothing Thanks.",2026-09-07T00:05:12+00:00,notification_spam
it_02176,"too many notfiications, the settings toggle does nothing fix this please.",2026-09-07T00:07:45+00:00,notification_spam
it_02177,urgent: can't disable promotional push notifications,2026-09-07T01:01:39+00:00,notification_spam
it_02178,ugh. getting spammed with notifications about the corner bakery,2026-09-07T01:07:15+00:00,notification_spam
it_02179,URGENT: Can't disable promotional push notifications Please help!,2026-09-07T01:11:38+00:00,notification_spam
it_02180,"Hi, Refund status says processed but no money back Fix this please.",2026-09-07T01:17:46+00:00,refund_delay
it_02181,"hi, the courier was aggressive when i asked about half the order this is the second time.",2026-09-07T01:41:07+00:00,driver_rude
it_02182,Never got the refund for my cancelled order,2026-09-07T01:48:53+00:00,refund_delay
it_02183,"Hey team, Unsubscribed from emails but the push spam continues Very frustrating.",2026-09-07T02:06:36+00:00,notification_spam
it_02184,"hello, i'm getting way too many push notifications this is the second time.",2026-09-07T02:07:35+00:00,notification_spam
it_02185,"Hi, Too many notifications, the settings toggle does nothing Any update?",2026-09-07T02:09:08+00:00,notification_spam
it_02186,"Hello, I'm getting way too many push notifications This is the second time.",2026-09-07T02:10:42+00:00,notification_spam
it_02187,help! why does every order from sushi go show up 90 minutes late? very frustrating.,2026-09-07T02:21:54+00:00,late_delivery
it_02188,"Help! Too many notifications, the settings toggle does nothing",2026-09-07T02:30:17+00:00,notification_spam
it_02189,"Help! Too many notifications, the settings toggle does nothing",2026-09-07T02:40:21+00:00,notification_spam
it_02190,"Too many notifications, the settings toggle does nothing Any update?",2026-09-07T02:50:58+00:00,notification_spam
it_02191,Turned off pormos but still get marketing notifications Any update?,2026-09-07T02:52:09+00:00,notification_spam
it_02192,unsubscribed from emails but the push spam continues,2026-09-07T02:55:12+00:00,notification_spam
it_02193,URGENT: Waited 40 minutes past the delivery window for the corner bakery Please help!,2026-09-07T03:02:17+00:00,late_delivery
it_02194,getting spammed with notifications about greenleaf thanks.,2026-09-07T03:12:25+00:00,notification_spam
it_02195,Can't disable promotional push notifications,2026-09-07T03:16:09+00:00,notification_spam
it_02196,"hi, my order from greenleaf arrived 40 minutes late fix this please.",2026-09-07T03:16:31+00:00,late_delivery
it_02197,Help! Can't disable promotional push notifications Fix this please.,2026-09-07T03:23:58+00:00,notification_spam
it_02198,"URGENT: Notifications at 2am about deals, please stop Fix this please.",2026-09-07T03:34:11+00:00,notification_spam
it_02199,URGENT: The courier was aggressive when I asked about the sauce,2026-09-07T03:39:22+00:00,driver_rude
it_02200,Ugh. oD you have gift cards? Very frustrating.,2026-09-07T03:45:47+00:00,noise
it_02201,Turned off promos but still get marketing notifications This is the second time.,2026-09-07T03:50:54+00:00,notification_spam
it_02202,Unsubscribed from emails but the push spam contniues,2026-09-07T03:52:54+00:00,notification_spam
it_02203,Ugh. The holiday theme in the app is cute Please help!,2026-09-07T03:56:41+00:00,noise
it_02204,"extremely late delivery again, 40 minutes behind schedule fix this please.",2026-09-07T04:10:49+00:00,late_delivery
it_02205,The app sends me five promo alerts a day Very frustrating.,2026-09-07T04:20:51+00:00,notification_spam
it_02206,"hi, too many notifications, hte settings toggle does nothing this is the second time.",2026-09-07T04:23:01+00:00,notification_spam
it_02207,My order from FreshMart arrived 40 minutes late Fix this please.,2026-09-07T04:32:30+00:00,late_delivery
it_02208,ugh. my order from pizza palace arrived 45 minutes late very frustrating.,2026-09-07T04:52:19+00:00,late_delivery
it_02209,"Notifications at 2am about deals, please stop Thanks.",2026-09-07T05:05:49+00:00,notification_spam
it_02210,Can't disable promotional push notifications Any update?,2026-09-07T05:11:38+00:00,notification_spam
it_02211,Your support chat bot was actually helpful today Any update?,2026-09-07T05:18:37+00:00,noise
it_02212,"Hi, Notifications at 2am about deals, pleaes stop Any update?",2026-09-07T05:37:28+00:00,notification_spam
it_02213,"Hi, Order was supposed to arrive at noon, came two hours late Please help!",2026-09-07T05:51:43+00:00,late_delivery
it_02214,getting spammed with notifications abuot the corner bakery please help!,2026-09-07T05:54:57+00:00,notification_spam
it_02215,I'm getting way too many push notifications,2026-09-07T05:59:14+00:00,notification_spam
it_02216,Why does every order from Pizza Palace show up 45 minutes late? Please help!,2026-09-07T06:00:13+00:00,late_delivery
it_02217,"Order was supposed to arrive at noon, came 40 minutes late Thanks.",2026-09-07T06:26:31+00:00,late_delivery
it_02218,"Ugh. Payment error when placing order, card is fine",2026-09-07T06:27:00+00:00,card_declined
it_02219,Can't disable promotional push notifications Fix this please.,2026-09-07T06:44:18+00:00,notification_spam
it_02220,"Hey team, Card declined at checkout even with enough balance Fix this please.",2026-09-07T06:56:03+00:00,card_declined
it_02221,Help! I'm getting way too many push notifications Very frustrating.,2026-09-07T06:59:23+00:00,notification_spam
it_02222,"Notifications at 2ma about deals, please stop Fix this please.",2026-09-07T07:16:23+00:00,notification_spam
it_02223,"hey team, payment failed with error code 402 on a valid card thanks.",2026-09-07T07:23:36+00:00,card_declined
it_02224,Ugh. Payment failed with error code 402 on a valid card Fix this please.,2026-09-07T07:45:12+00:00,card_declined
it_02225,"hey team, apple pay fails every time i try to pay fix this please.",2026-09-07T07:58:28+00:00,card_declined
it_02226,Payment failed with erorr code 402 on a valid card This is the second time.,2026-09-07T07:59:23+00:00,card_declined
it_02227,Checkout says payment declined for my $31.20 order,2026-09-07T08:01:10+00:00,card_declined
it_02228,URGENT: Checkout says payment declined for my $24.50 order,2026-09-07T08:12:47+00:00,card_declined
it_02229,"Hey team, Card declined at checkout even with enough balance Any update?",2026-09-07T08:23:01+00:00,card_declined
it_02230,help! apple pay fails every time i try to pay,2026-09-07T08:32:33+00:00,card_declined
it_02231,My card keeps getting declined but it works everywhere else Thanks.,2026-09-07T08:40:57+00:00,card_declined
it_02232,"Help! Notifications at 2am about deals, please stop Please help!",2026-09-07T08:42:05+00:00,notification_spam
it_02233,"Hi, Too many notifications, the settings toggle does nothing Thanks.",2026-09-07T08:48:31+00:00,notification_spam
it_02234,my card keeps getting declined but it works everywhere else,2026-09-07T08:52:31+00:00,card_declined
it_02235,"hello, getting spammed with notifications about sushi go",2026-09-07T09:08:17+00:00,notification_spam
it_02236,Unsubscribed from emails but the push spam continues,2026-09-07T09:12:15+00:00,notification_spam
it_02237,"Hey team, Apple Pay fails every time I try to pay",2026-09-07T09:14:37+00:00,card_declined
it_02238,can't disable promotional push notifications fix this please.,2026-09-07T09:22:51+00:00,notification_spam
it_02239,"help! can't add my credit card, it says payment method invalid any update?",2026-09-07T09:23:16+00:00,card_declined
it_02240,"too many notifications, the settings toggle does nothing",2026-09-07T09:26:55+00:00,notification_spam
it_02241,Help! Payment failed with error code 402 on a valid card,2026-09-07T09:39:38+00:00,card_declined
it_02242,URGENT: Turned off promos but still get marketing notifications This is the second time.,2026-09-07T10:01:09+00:00,notification_spam
it_02243,URGENT: Apple Pay fails every time I try to pay Thanks.,2026-09-07T10:01:49+00:00,card_declined
it_02244,"Payment error when placing order, card is fine Thanks.",2026-09-07T10:02:00+00:00,card_declined
it_02245,Help! Delivery took 90 minutes longer than the estimate,2026-09-07T10:02:32+00:00,late_delivery
it_02246,"Hey team, Valid card rejected repeatedly by your payment page",2026-09-07T10:10:07+00:00,card_declined
it_02247,"hello, payment failed with error code 402 on a valid card please help!",2026-09-07T10:11:18+00:00,card_declined
it_02248,"hello, payment error when placing order, card is fine this is the second time.",2026-09-07T10:14:05+00:00,card_declined
it_02249,"hi, apple pay fails every time i try to pay",2026-09-07T10:18:49+00:00,card_declined
it_02250,"hey team, my acrd keeps getting declined but it works everywhere else this is the second time.",2026-09-07T10:25:35+00:00,card_declined
it_02251,Ugh. Card declined at chcekout even with enough balance This is the second time.,2026-09-07T10:33:00+00:00,card_declined
it_02252,"hello, valid card rejected repeatedly by your payment page",2026-09-07T10:41:30+00:00,card_declined
it_02253,Card declined at checkout even with enough balance,2026-09-07T10:49:32+00:00,card_declined
it_02254,ugh. payment failed with error code 402 on a valid card,2026-09-07T10:49:33+00:00,card_declined
it_02255,"Hello, Can't add my credit card, it says payment method invalid Please help!",2026-09-07T10:58:56+00:00,card_declined
it_02256,"ugh. payment error when placing order, card is fine thanks.",2026-09-07T11:05:29+00:00,card_declined
it_02257,"payment error when placing order, card is fine very frustrating.",2026-09-07T11:14:27+00:00,card_declined
it_02258,"Hey team, Card declined at checkout even with enough balance",2026-09-07T11:14:29+00:00,card_declined
it_02259,why does every order from sushi go show up 40 minutes late? very frustrating.,2026-09-07T11:18:18+00:00,late_delivery
it_02260,Valid card rejected repeatedly by your payment page,2026-09-07T11:33:30+00:00,card_declined
it_02261,Ugh. Payment failed with error code 402 on a valid card Thanks.,2026-09-07T11:34:41+00:00,card_declined
it_02262,Help! Apple Pay fails every time I try to pay,2026-09-07T11:35:39+00:00,card_declined
it_02263,"hey team, my card keeps getting declined but it works everywhere else very frustrating.",2026-09-07T11:38:29+00:00,card_declined
it_02264,"Hello, My card keeps getting declined but it works everywhere else",2026-09-07T11:39:21+00:00,card_declined
it_02265,help! my card keeps getting declined but it works everywhere else please help!,2026-09-07T11:41:41+00:00,card_declined
it_02266,Help! Getting spammed with notifications about Sushi Go Fix this please.,2026-09-07T11:45:08+00:00,notification_spam
it_02267,"Hello, Turned off promos but still get marketing notifications Any update?",2026-09-07T11:51:12+00:00,notification_spam
it_02268,Checkout says payment declined for my $9.99 order This is the second time.,2026-09-07T11:52:46+00:00,card_declined
it_02269,card declined at checkout even with enough balance this is the second time.,2026-09-07T11:53:27+00:00,card_declined
it_02270,Ugh. Valid card rejected repeatedly by your payment page Please help!,2026-09-07T11:55:49+00:00,card_declined
it_02271,"Hey team, My card keeps getting declined but it works everywhere else",2026-09-07T11:56:32+00:00,card_declined
it_02272,Checkout says payment declined for my $9.99 order,2026-09-07T12:04:08+00:00,card_declined
it_02273,Card declined at checkout even with enough balance Any update?,2026-09-07T12:13:16+00:00,card_declined
it_02274,Ugh. Valid card rejected repeatedly by your payment page Very frustrating.,2026-09-07T12:17:38+00:00,card_declined
it_02275,"Ugh. Notifications at 2am about deals, please stop",2026-09-07T12:17:49+00:00,notification_spam
it_02276,"hey team, delivery took 40 minutes longer than the estimate very frustrating.",2026-09-07T12:20:43+00:00,late_delivery
it_02277,"Hey team, Card declined at checkout even with enough balance Thanks.",2026-09-07T12:28:47+00:00,card_declined
it_02278,"Hey team, I'm getting way too many push notifications Any update?",2026-09-07T12:36:04+00:00,notification_spam
it_02279,help! getting spammed with notifications about greenleaf very frustrating.,2026-09-07T12:40:23+00:00,notification_spam
it_02280,Turned off promos but still get marketing notifications,2026-09-07T12:46:24+00:00,notification_spam
it_02281,I'm getting way too many push notifications Please help!,2026-09-07T12:49:44+00:00,notification_spam
it_02282,Help! Checkout says payment declined for my $24.50 order,2026-09-07T12:53:40+00:00,card_declined
it_02283,"Hello, Payment error when placing order, card is fine Please help!",2026-09-07T12:58:53+00:00,card_declined
it_02284,unsubscribed from emails but the push spam continues,2026-09-07T13:08:16+00:00,notification_spam
it_02285,"Hello, Valid card rejected repeatedly by your payment page This is the second time.",2026-09-07T13:09:21+00:00,card_declined
it_02286,"Hey team, Card declined at checkout even with enough balance Please hepl!",2026-09-07T13:10:15+00:00,card_declined
it_02287,Ugh. Unsubscribed from emalis but the push spam continues,2026-09-07T13:18:04+00:00,notification_spam
it_02288,"hello, is contactless delivery the default? please help!",2026-09-07T13:36:58+00:00,noise
it_02289,Help! Valid cadr rejected repeatedly by your payment page Please help!,2026-09-07T13:41:06+00:00,card_declined
it_02290,"Hey team, Extremely late delivery again, two hours behind schedule Very frustrating.",2026-09-07T13:43:27+00:00,late_delivery
it_02291,Help! Payment failed with error code 402 on a valid card,2026-09-07T13:53:13+00:00,card_declined
it_02292,Checkout says payment declined for my $24.50 order Any update?,2026-09-07T13:53:22+00:00,card_declined
it_02293,Ugh. Refund status says processed but no money back Please help!,2026-09-07T13:58:40+00:00,refund_delay
it_02294,"Hey team, Valid crad rejected repeatedly by your payment page This is the second time.",2026-09-07T14:22:51+00:00,card_declined
it_02295,"Hey team, The app sends me five promo alerts a day",2026-09-07T14:25:42+00:00,notification_spam
it_02296,"Hey team, Payment error when placing order, card is fine",2026-09-07T14:34:50+00:00,card_declined
it_02297,Apple Pay fails every time I try to pay This is the second time.,2026-09-07T14:50:00+00:00,card_declined
it_02298,ugh. my card keeps getting declined but it works everywhere else this is the second time.,2026-09-07T15:03:32+00:00,card_declined
it_02299,"Hello, Can't add my credit card, it says payment method invalid",2026-09-07T15:09:31+00:00,card_declined
it_02300,Will you ever offer grocery subscriptions? Fix this please.,2026-09-07T15:25:31+00:00,noise
it_02301,URGENT: Payment failed with error code 402 on a valid card Any update?,2026-09-07T15:31:13+00:00,card_declined
it_02302,"Hello, Extremely late delivery again, 45 minutes behind schedule Fix this please.",2026-09-07T15:39:21+00:00,late_delivery
it_02303,Card declined at checkout even with enough balance Thanks.,2026-09-07T15:49:00+00:00,card_declined
it_02304,Help! Can I save favoriet drivers? Please help!,2026-09-07T16:01:11+00:00,noise
it_02305,"Hello, My card keeps getting declined but it works everywhere else",2026-09-07T16:29:56+00:00,card_declined
it_02306,"Hey team, Payment error when placing order, card is fine Thanks.",2026-09-07T16:51:27+00:00,card_declined
it_02307,Ugh. Where is my refund? It's been 10 days Thanks.,2026-09-07T16:53:05+00:00,refund_delay
it_02308,The driver was extremely rude to me at the door Thanks.,2026-09-07T16:55:56+00:00,driver_rude
it_02309,"hi, can i split the bill with a friend?",2026-09-07T17:47:32+00:00,noise
it_02310,my order from freshmart arrived an huor late,2026-09-07T20:29:49+00:00,late_delivery
it_02311,"Hi, You promised a refund in 3 days, it's eben two weeks",2026-09-07T20:41:18+00:00,refund_delay
it_02312,"Hey team, Why does every order from the corner bakery show up 45 minutes late? Please help!",2026-09-07T20:44:16+00:00,late_delivery
it_02313,Is there a student discount?,2026-09-07T21:39:17+00:00,noise
it_02314,URGENT: My roder from Pizza Palace arrived 40 minutes late,2026-09-07T22:03:04+00:00,late_delivery
it_02315,"hey team, can i use a company card for work lunches? very frustrating.",2026-09-08T01:52:38+00:00,noise
it_02316,"Extremely late delivery agani, an hour behind schedule Please help!",2026-09-08T03:19:53+00:00,late_delivery
it_02317,Love the new dark mode!,2026-09-08T03:30:12+00:00,noise
it_02318,Courier yelled at me because the building was hard to find This is the second time.,2026-09-08T05:03:14+00:00,driver_rude
it_02319,Waited 40 minutes past the delivery window for Sushi Go Thanks.,2026-09-08T05:24:03+00:00,late_delivery
it_02320,Ugh. Can I order for a friend in another city? Any update?,2026-09-08T06:16:22+00:00,noise
it_02321,Waited two hours past the delivery window for Pizza Palace This is the second time.,2026-09-08T06:32:04+00:00,late_delivery
it_02322,"Hello, Plesae add a reorder button",2026-09-08T07:57:50+00:00,noise
it_02323,My order from Sushi Go arrived 40 minutes late,2026-09-08T08:20:39+00:00,late_delivery
it_02324,can i pick up instead of delivrey?,2026-09-08T09:46:54+00:00,noise
it_02325,eHlp! What happened to the loyalty points program? Any update?,2026-09-08T12:11:08+00:00,noise
it_02326,"Very unprofessional driver, swore at me",2026-09-08T12:18:30+00:00,driver_rude
it_02327,Driver was 45 minutes late and the food was cold Thanks.,2026-09-08T13:17:41+00:00,late_delivery
it_02328,"Hey team, Can I tip in cash?",2026-09-08T17:06:58+00:00,noise
it_02329,"Hello, The new logo looks great Thanks.",2026-09-08T20:40:25+00:00,noise
it_02330,URGENT: How do referral credits work? Please help!,2026-09-08T23:12:29+00:00,noise
